date,pattern,signal_time,entry_time,entry,sl,tp,pnl_r,exit_reason,exit_time
2025-12-08,D_FIRST_PULLBACK,2025-12-08 09:15:00+00:00,2025-12-08 09:30:00+00:00,25761.73,25734.1,25844.62,0.0,BE_HIT,2025-12-08 13:30:00+00:00
2025-12-09,D_FIRST_PULLBACK,2025-12-09 05:30:00+00:00,2025-12-09 05:45:00+00:00,25655.3,25621.8,25755.8,-1.0,SL_HIT,2025-12-09 09:30:00+00:00
2025-12-09,D_FIRST_PULLBACK,2025-12-09 10:30:00+00:00,2025-12-09 10:45:00+00:00,25650.47,25605.6,25785.08,-1.0,SL_HIT,2025-12-09 12:30:00+00:00
2025-12-11,D_FIRST_PULLBACK,2025-12-11 04:45:00+00:00,2025-12-11 05:00:00+00:00,25494.82,25464.32,25586.32,-1.0,SL_HIT,2025-12-11 05:15:00+00:00
2025-12-11,D_FIRST_PULLBACK,2025-12-11 06:15:00+00:00,2025-12-11 06:30:00+00:00,25501.25,25455.37,25638.89,-1.0,SL_HIT,2025-12-11 07:30:00+00:00
2025-12-11,D_FIRST_PULLBACK,2025-12-11 07:45:00+00:00,2025-12-11 08:00:00+00:00,25516.62,25454.62,25702.62,0.0,BE_HIT,2025-12-11 13:45:00+00:00
2025-12-12,D_FIRST_PULLBACK,2025-12-12 01:00:00+00:00,2025-12-12 01:15:00+00:00,25680.47,25643.85,25790.33,-1.0,SL_HIT,2025-12-12 03:00:00+00:00
2025-12-12,D_FIRST_PULLBACK,2025-12-12 12:00:00+00:00,2025-12-12 12:15:00+00:00,25570.52,25533.4,25681.88,-1.0,SL_HIT,2025-12-12 13:30:00+00:00
2025-12-15,D_FIRST_PULLBACK,2025-12-15 03:30:00+00:00,2025-12-15 03:45:00+00:00,25247.29,25223.41,25318.93,-1.0,SL_HIT,2025-12-15 07:00:00+00:00
2025-12-15,D_FIRST_PULLBACK,2025-12-15 08:15:00+00:00,2025-12-15 08:30:00+00:00,25304.84,25264.34,25426.34,0.0,BE_HIT,2025-12-15 13:30:00+00:00
2025-12-16,D_FIRST_PULLBACK,2025-12-16 10:30:00+00:00,2025-12-16 10:45:00+00:00,25014.16,24981.66,25111.66,3.0,TP_HIT,2025-12-16 12:30:00+00:00
2025-12-17,D_FIRST_PULLBACK,2025-12-17 00:45:00+00:00,2025-12-17 01:00:00+00:00,25112.2,25066.82,25248.34,-1.0,SL_HIT,2025-12-17 04:00:00+00:00
2025-12-17,D_FIRST_PULLBACK,2025-12-17 07:15:00+00:00,2025-12-17 07:30:00+00:00,25166.75,25143.75,25235.75,3.0,TP_HIT,2025-12-17 09:00:00+00:00
2025-12-17,D_FIRST_PULLBACK,2025-12-17 10:30:00+00:00,2025-12-17 10:45:00+00:00,25246.0,25222.75,25315.75,-1.0,SL_HIT,2025-12-17 12:00:00+00:00
2025-12-18,D_FIRST_PULLBACK,2025-12-18 01:00:00+00:00,2025-12-18 01:15:00+00:00,24737.36,24710.23,24818.75,-1.0,SL_HIT,2025-12-18 02:00:00+00:00
2025-12-18,D_FIRST_PULLBACK,2025-12-18 04:30:00+00:00,2025-12-18 04:45:00+00:00,24745.48,24724.23,24809.23,-1.0,SL_HIT,2025-12-18 05:45:00+00:00
2025-12-18,D_FIRST_PULLBACK,2025-12-18 06:00:00+00:00,2025-12-18 06:15:00+00:00,24776.78,24712.98,24968.18,3.0,TP_HIT,2025-12-18 12:30:00+00:00
2025-12-19,B_FLAT_TOP,2025-12-19 00:45:00+00:00,2025-12-19 00:45:00+00:00,25027.5,24973.12,25190.64,3.0,TP_HIT,2025-12-19 13:30:00+00:00
2025-12-22,D_FIRST_PULLBACK,2025-12-22 08:00:00+00:00,2025-12-22 08:15:00+00:00,25471.11,25449.11,25537.11,3.0,TP_HIT,2025-12-22 13:15:00+00:00
2025-12-23,D_FIRST_PULLBACK,2025-12-23 07:15:00+00:00,2025-12-23 07:30:00+00:00,25467.73,25436.73,25560.73,-1.0,SL_HIT,2025-12-23 11:15:00+00:00
2025-12-29,D_FIRST_PULLBACK,2025-12-29 02:30:00+00:00,2025-12-29 02:45:00+00:00,25637.94,25614.07,25709.55,-1.0,SL_HIT,2025-12-29 04:15:00+00:00
2025-12-29,D_FIRST_PULLBACK,2025-12-29 10:30:00+00:00,2025-12-29 10:45:00+00:00,25559.12,25524.87,25661.87,-1.0,SL_HIT,2025-12-29 11:45:00+00:00
2025-12-30,D_FIRST_PULLBACK,2025-12-30 00:45:00+00:00,2025-12-30 01:00:00+00:00,25515.87,25494.74,25579.26,-1.0,SL_HIT,2025-12-30 01:45:00+00:00
2025-12-31,D_FIRST_PULLBACK,2025-12-31 02:00:00+00:00,2025-12-31 02:15:00+00:00,25421.85,25398.6,25491.6,-1.0,SL_HIT,2025-12-31 04:45:00+00:00
2025-12-31,D_FIRST_PULLBACK,2025-12-31 09:15:00+00:00,2025-12-31 09:30:00+00:00,25379.53,25355.03,25453.03,3.0,TP_HIT,2025-12-31 12:30:00+00:00
2026-01-02,D_FIRST_PULLBACK,2026-01-02 02:45:00+00:00,2026-01-02 03:00:00+00:00,25422.44,25393.44,25509.44,3.0,TP_HIT,2026-01-02 07:45:00+00:00
2026-01-05,D_FIRST_PULLBACK,2026-01-05 01:45:00+00:00,2026-01-05 02:00:00+00:00,25280.63,25259.76,25343.24,0.0,BE_HIT,2026-01-05 07:00:00+00:00
2026-01-06,D_FIRST_PULLBACK,2026-01-06 01:30:00+00:00,2026-01-06 01:45:00+00:00,25423.47,25402.22,25487.22,0.0,BE_HIT,2026-01-06 07:00:00+00:00
2026-01-06,D_FIRST_PULLBACK,2026-01-06 11:00:00+00:00,2026-01-06 11:15:00+00:00,25423.64,25400.02,25494.5,0.0,BE_HIT,2026-01-06 13:30:00+00:00
2026-01-08,D_FIRST_PULLBACK,2026-01-08 06:15:00+00:00,2026-01-08 06:30:00+00:00,25572.83,25496.9,25800.62,-1.0,SL_HIT,2026-01-08 13:30:00+00:00
2026-01-09,D_FIRST_PULLBACK,2026-01-09 04:45:00+00:00,2026-01-09 05:00:00+00:00,25511.11,25485.61,25587.61,-1.0,SL_HIT,2026-01-09 06:15:00+00:00
2026-01-09,D_FIRST_PULLBACK,2026-01-09 08:15:00+00:00,2026-01-09 08:30:00+00:00,25515.28,25480.91,25618.39,3.0,TP_HIT,2026-01-09 12:30:00+00:00
2026-01-12,D_FIRST_PULLBACK,2026-01-12 08:45:00+00:00,2026-01-12 09:00:00+00:00,25526.85,25494.6,25623.6,3.0,TP_HIT,2026-01-12 13:30:00+00:00
2026-01-13,D_FIRST_PULLBACK,2026-01-13 01:00:00+00:00,2026-01-13 01:15:00+00:00,25722.43,25677.43,25857.43,3.0,TP_HIT,2026-01-13 12:30:00+00:00
2026-01-14,D_FIRST_PULLBACK,2026-01-14 11:15:00+00:00,2026-01-14 11:30:00+00:00,25606.8,25534.8,25822.8,-1.0,SL_HIT,2026-01-14 13:30:00+00:00
2026-01-15,D_FIRST_PULLBACK,2026-01-15 00:45:00+00:00,2026-01-15 01:00:00+00:00,25465.5,25398.37,25666.89,3.0,TP_HIT,2026-01-15 08:30:00+00:00
2026-01-15,D_FIRST_PULLBACK,2026-01-15 11:45:00+00:00,2026-01-15 12:00:00+00:00,25687.55,25646.92,25809.44,0.0,BE_HIT,2026-01-15 13:45:00+00:00
2026-01-16,D_FIRST_PULLBACK,2026-01-16 01:15:00+00:00,2026-01-16 01:30:00+00:00,25627.14,25601.64,25703.64,3.0,TP_HIT,2026-01-16 10:15:00+00:00
2026-01-19,D_FIRST_PULLBACK,2026-01-19 04:15:00+00:00,2026-01-19 04:30:00+00:00,25263.03,25219.4,25393.92,-1.0,SL_HIT,2026-01-19 06:00:00+00:00
2026-01-19,D_FIRST_PULLBACK,2026-01-19 10:15:00+00:00,2026-01-19 10:30:00+00:00,25161.83,25112.95,25308.47,-1.0,SL_HIT,2026-01-19 13:30:00+00:00
2026-01-20,D_FIRST_PULLBACK,2026-01-20 01:30:00+00:00,2026-01-20 01:45:00+00:00,25279.91,25242.78,25391.3,-1.0,SL_HIT,2026-01-20 03:45:00+00:00
2026-01-20,D_FIRST_PULLBACK,2026-01-20 10:15:00+00:00,2026-01-20 10:30:00+00:00,25052.46,25024.33,25136.85,0.0,BE_HIT,2026-01-20 12:30:00+00:00
2026-01-21,D_FIRST_PULLBACK,2026-01-21 02:15:00+00:00,2026-01-21 02:30:00+00:00,25076.41,25033.54,25205.02,-1.0,SL_HIT,2026-01-21 08:30:00+00:00
2026-01-21,D_FIRST_PULLBACK,2026-01-21 12:45:00+00:00,2026-01-21 13:00:00+00:00,24936.71,24895.84,25059.32,3.0,TP_HIT,2026-01-21 13:15:00+00:00
2026-01-22,D_FIRST_PULLBACK,2026-01-22 12:45:00+00:00,2026-01-22 13:00:00+00:00,25593.47,25536.47,25764.47,-1.0,SL_HIT,2026-01-22 13:30:00+00:00
2026-01-23,D_FIRST_PULLBACK,2026-01-23 02:00:00+00:00,2026-01-23 02:15:00+00:00,25554.3,25525.92,25639.44,-1.0,SL_HIT,2026-01-23 07:00:00+00:00
2026-01-26,D_FIRST_PULLBACK,2026-01-26 12:00:00+00:00,2026-01-26 12:15:00+00:00,25571.51,25545.26,25650.26,-1.0,SL_HIT,2026-01-26 12:30:00+00:00
2026-01-26,D_FIRST_PULLBACK,2026-01-26 12:45:00+00:00,2026-01-26 13:00:00+00:00,25586.63,25528.38,25761.38,3.0,TP_HIT,2026-01-26 14:45:00+00:00
2026-01-27,B_FLAT_TOP,2026-01-27 01:00:00+00:00,2026-01-27 01:00:00+00:00,25820.19,25656.64215,26310.83355,0.0,EOD,2026-01-27 23:45:00+00:00
2026-01-28,D_FIRST_PULLBACK,2026-01-28 03:00:00+00:00,2026-01-28 03:15:00+00:00,26095.41,26068.66,26175.66,3.0,TP_HIT,2026-01-28 05:00:00+00:00
2026-01-28,D_FIRST_PULLBACK,2026-01-28 10:30:00+00:00,2026-01-28 10:45:00+00:00,26189.21,26163.46,26266.46,-1.0,SL_HIT,2026-01-28 11:00:00+00:00
2026-01-29,D_FIRST_PULLBACK,2026-01-29 02:00:00+00:00,2026-01-29 02:15:00+00:00,26058.9,26026.65,26155.65,3.0,TP_HIT,2026-01-29 07:15:00+00:00
2026-01-30,D_FIRST_PULLBACK,2026-01-30 02:30:00+00:00,2026-01-30 02:45:00+00:00,25733.76,25707.26,25813.26,-1.0,SL_HIT,2026-01-30 05:00:00+00:00
2026-01-30,D_FIRST_PULLBACK,2026-01-30 07:45:00+00:00,2026-01-30 08:00:00+00:00,25648.56,25571.06,25881.06,-1.0,SL_HIT,2026-01-30 08:15:00+00:00
2026-01-30,D_FIRST_PULLBACK,2026-01-30 09:00:00+00:00,2026-01-30 09:15:00+00:00,25617.68,25529.31,25882.79,0.0,BE_HIT,2026-01-30 16:00:00+00:00
2026-02-02,D_FIRST_PULLBACK,2026-02-02 08:15:00+00:00,2026-02-02 08:30:00+00:00,25326.34,25244.72,25571.2,3.0,TP_HIT,2026-02-02 13:30:00+00:00
2026-02-03,D_FIRST_PULLBACK,2026-02-03 02:30:00+00:00,2026-02-03 02:45:00+00:00,25851.14,25804.77,25990.25,-1.0,SL_HIT,2026-02-03 13:30:00+00:00
2026-02-04,D_FIRST_PULLBACK,2026-02-04 01:00:00+00:00,2026-02-04 01:15:00+00:00,25350.25,25309.38,25472.86,-1.0,SL_HIT,2026-02-04 01:30:00+00:00
2026-02-04,D_FIRST_PULLBACK,2026-02-04 03:30:00+00:00,2026-02-04 03:45:00+00:00,25334.0,25312.13,25399.61,-1.0,SL_HIT,2026-02-04 04:00:00+00:00
2026-02-04,D_FIRST_PULLBACK,2026-02-04 04:45:00+00:00,2026-02-04 05:00:00+00:00,25337.5,25303.75,25438.75,0.0,BE_HIT,2026-02-04 07:15:00+00:00
2026-02-05,D_FIRST_PULLBACK,2026-02-05 03:30:00+00:00,2026-02-05 03:45:00+00:00,24911.12,24813.75,25203.23,-1.0,SL_HIT,2026-02-05 11:15:00+00:00
2026-02-06,D_FIRST_PULLBACK,2026-02-06 02:00:00+00:00,2026-02-06 02:15:00+00:00,24437.15,24412.15,24512.15,-1.0,SL_HIT,2026-02-06 02:30:00+00:00
2026-02-06,D_FIRST_PULLBACK,2026-02-06 07:00:00+00:00,2026-02-06 07:15:00+00:00,24474.07,24392.32,24719.32,3.0,TP_HIT,2026-02-06 10:00:00+00:00
2026-02-09,D_FIRST_PULLBACK,2026-02-09 04:15:00+00:00,2026-02-09 04:30:00+00:00,25117.97,25085.72,25214.72,-1.0,SL_HIT,2026-02-09 05:00:00+00:00
2026-02-09,D_FIRST_PULLBACK,2026-02-09 11:00:00+00:00,2026-02-09 11:15:00+00:00,25003.39,24924.39,25240.39,-1.0,SL_HIT,2026-02-09 13:30:00+00:00
2026-02-10,D_FIRST_PULLBACK,2026-02-10 00:45:00+00:00,2026-02-10 01:00:00+00:00,25245.8,25211.3,25349.3,-1.0,SL_HIT,2026-02-10 01:30:00+00:00
2026-02-10,D_FIRST_PULLBACK,2026-02-10 04:30:00+00:00,2026-02-10 04:45:00+00:00,25248.3,25222.68,25325.16,-1.0,SL_HIT,2026-02-10 05:15:00+00:00
2026-02-10,D_FIRST_PULLBACK,2026-02-10 08:00:00+00:00,2026-02-10 08:15:00+00:00,25288.98,25237.23,25444.23,-1.0,SL_HIT,2026-02-10 12:00:00+00:00
2026-02-11,D_FIRST_PULLBACK,2026-02-11 02:30:00+00:00,2026-02-11 02:45:00+00:00,25247.08,25216.7,25338.22,-1.0,SL_HIT,2026-02-11 03:30:00+00:00
2026-02-11,D_FIRST_PULLBACK,2026-02-11 07:30:00+00:00,2026-02-11 07:45:00+00:00,25171.63,25123.75,25315.27,-1.0,SL_HIT,2026-02-11 08:30:00+00:00
2026-02-11,D_FIRST_PULLBACK,2026-02-11 10:00:00+00:00,2026-02-11 10:15:00+00:00,25130.5,25080.38,25280.86,3.0,TP_HIT,2026-02-11 12:45:00+00:00
2026-02-12,D_FIRST_PULLBACK,2026-02-12 02:30:00+00:00,2026-02-12 02:45:00+00:00,25237.05,25198.8,25351.8,0.0,BE_HIT,2026-02-12 13:30:00+00:00
2026-02-13,D_FIRST_PULLBACK,2026-02-13 01:00:00+00:00,2026-02-13 01:15:00+00:00,24735.98,24681.73,24898.73,-1.0,SL_HIT,2026-02-13 02:45:00+00:00
2026-02-13,D_FIRST_PULLBACK,2026-02-13 05:45:00+00:00,2026-02-13 06:00:00+00:00,24630.11,24560.61,24838.61,-1.0,SL_HIT,2026-02-13 10:30:00+00:00
2026-02-13,D_FIRST_PULLBACK,2026-02-13 11:30:00+00:00,2026-02-13 11:45:00+00:00,24640.03,24588.53,24794.53,-1.0,SL_HIT,2026-02-13 12:00:00+00:00
2026-02-13,D_FIRST_PULLBACK,2026-02-13 12:30:00+00:00,2026-02-13 12:45:00+00:00,24691.78,24538.16,25152.64,-1.0,SL_HIT,2026-02-13 13:30:00+00:00
2026-02-16,B_FLAT_TOP,2026-02-16 00:45:00+00:00,2026-02-16 00:45:00+00:00,24786.82,24649.20465,25199.66605,-1.0,SL_HIT,2026-02-16 13:30:00+00:00
2026-02-17,D_FIRST_PULLBACK,2026-02-17 05:45:00+00:00,2026-02-17 06:00:00+00:00,24557.77,24531.02,24638.02,-1.0,SL_HIT,2026-02-17 06:15:00+00:00
2026-02-17,D_FIRST_PULLBACK,2026-02-17 06:30:00+00:00,2026-02-17 06:45:00+00:00,24556.07,24513.2,24684.68,0.0,BE_HIT,2026-02-17 07:45:00+00:00
2026-02-18,D_FIRST_PULLBACK,2026-02-18 00:45:00+00:00,2026-02-18 01:00:00+00:00,24675.79,24642.29,24776.29,3.0,TP_HIT,2026-02-18 05:45:00+00:00
2026-02-18,D_FIRST_PULLBACK,2026-02-18 06:30:00+00:00,2026-02-18 06:45:00+00:00,24770.84,24733.84,24881.84,3.0,TP_HIT,2026-02-18 11:00:00+00:00
2026-02-19,D_FIRST_PULLBACK,2026-02-19 00:45:00+00:00,2026-02-19 01:00:00+00:00,24903.83,24868.7,25009.22,0.0,BE_HIT,2026-02-19 07:45:00+00:00
2026-02-19,D_FIRST_PULLBACK,2026-02-19 11:15:00+00:00,2026-02-19 11:30:00+00:00,24811.0,24745.75,25006.75,-1.0,SL_HIT,2026-02-19 12:15:00+00:00
2026-02-20,D_FIRST_PULLBACK,2026-02-20 02:00:00+00:00,2026-02-20 02:15:00+00:00,24838.3,24812.42,24915.94,3.0,TP_HIT,2026-02-20 08:15:00+00:00
2026-02-23,D_FIRST_PULLBACK,2026-02-23 02:45:00+00:00,2026-02-23 03:00:00+00:00,24784.96,24756.34,24870.82,-1.0,SL_HIT,2026-02-23 03:30:00+00:00
2026-02-23,D_FIRST_PULLBACK,2026-02-23 05:45:00+00:00,2026-02-23 06:00:00+00:00,24810.71,24784.84,24888.32,3.0,TP_HIT,2026-02-23 08:00:00+00:00
2026-02-24,D_FIRST_PULLBACK,2026-02-24 08:00:00+00:00,2026-02-24 08:15:00+00:00,24783.37,24707.25,25011.73,-1.0,SL_HIT,2026-02-24 13:30:00+00:00
2026-02-25,D_FIRST_PULLBACK,2026-02-25 09:30:00+00:00,2026-02-25 09:45:00+00:00,25037.04,25014.79,25103.79,3.0,TP_HIT,2026-02-25 12:45:00+00:00
2026-02-26,D_FIRST_PULLBACK,2026-02-26 07:15:00+00:00,2026-02-26 07:30:00+00:00,25323.26,25296.39,25403.87,-1.0,SL_HIT,2026-02-26 07:45:00+00:00
2026-02-26,D_FIRST_PULLBACK,2026-02-26 08:00:00+00:00,2026-02-26 08:15:00+00:00,25324.39,25295.64,25410.64,-1.0,SL_HIT,2026-02-26 13:30:00+00:00
2026-02-27,D_FIRST_PULLBACK,2026-02-27 01:00:00+00:00,2026-02-27 01:15:00+00:00,24950.3,24923.05,25032.05,0.0,BE_HIT,2026-02-27 05:15:00+00:00
2026-03-02,D_FIRST_PULLBACK,2026-03-02 07:30:00+00:00,2026-03-02 07:45:00+00:00,24516.47,24438.97,24748.97,3.0,TP_HIT,2026-03-02 13:30:00+00:00
2026-03-03,D_FIRST_PULLBACK,2026-03-03 02:30:00+00:00,2026-03-03 02:45:00+00:00,24827.52,24768.77,25003.77,-1.0,SL_HIT,2026-03-03 03:15:00+00:00
2026-03-03,D_FIRST_PULLBACK,2026-03-03 10:30:00+00:00,2026-03-03 10:45:00+00:00,24462.07,24334.82,24843.82,-1.0,SL_HIT,2026-03-03 14:15:00+00:00
2026-03-04,D_FIRST_PULLBACK,2026-03-04 05:30:00+00:00,2026-03-04 05:45:00+00:00,24538.75,24465.63,24758.11,3.0,TP_HIT,2026-03-04 09:00:00+00:00
2026-03-05,D_FIRST_PULLBACK,2026-03-05 09:00:00+00:00,2026-03-05 09:15:00+00:00,25085.14,25049.76,25191.28,-1.0,SL_HIT,2026-03-05 11:00:00+00:00
2026-03-05,D_FIRST_PULLBACK,2026-03-05 11:15:00+00:00,2026-03-05 11:30:00+00:00,25085.89,25046.39,25204.39,-1.0,SL_HIT,2026-03-05 11:45:00+00:00
2026-03-06,D_FIRST_PULLBACK,2026-03-06 01:00:00+00:00,2026-03-06 01:15:00+00:00,25069.37,25008.24,25252.76,-1.0,SL_HIT,2026-03-06 07:15:00+00:00
2026-03-06,D_FIRST_PULLBACK,2026-03-06 10:15:00+00:00,2026-03-06 10:30:00+00:00,24914.04,24854.42,25092.9,-1.0,SL_HIT,2026-03-06 10:45:00+00:00
2026-03-09,D_FIRST_PULLBACK,2026-03-09 04:00:00+00:00,2026-03-09 04:15:00+00:00,24085.43,24052.43,24184.43,3.0,TP_HIT,2026-03-09 05:30:00+00:00
2026-03-09,D_FIRST_PULLBACK,2026-03-09 07:00:00+00:00,2026-03-09 07:15:00+00:00,24241.98,24185.61,24411.09,3.0,TP_HIT,2026-03-09 09:30:00+00:00
2026-03-09,D_FIRST_PULLBACK,2026-03-09 11:30:00+00:00,2026-03-09 11:45:00+00:00,24364.48,24325.23,24482.23,0.0,BE_HIT,2026-03-09 13:30:00+00:00
2026-03-10,D_FIRST_PULLBACK,2026-03-10 07:00:00+00:00,2026-03-10 07:15:00+00:00,24967.52,24917.89,25116.41,3.0,TP_HIT,2026-03-10 08:00:00+00:00
2026-03-11,D_FIRST_PULLBACK,2026-03-11 01:00:00+00:00,2026-03-11 01:15:00+00:00,25055.99,25031.24,25130.24,-1.0,SL_HIT,2026-03-11 05:30:00+00:00
2026-03-11,D_FIRST_PULLBACK,2026-03-11 10:15:00+00:00,2026-03-11 10:30:00+00:00,24955.79,24875.42,25196.9,0.0,BE_HIT,2026-03-11 14:30:00+00:00
2026-03-12,D_FIRST_PULLBACK,2026-03-12 01:15:00+00:00,2026-03-12 01:30:00+00:00,24801.26,24752.88,24946.4,-1.0,SL_HIT,2026-03-12 02:15:00+00:00
2026-03-12,D_FIRST_PULLBACK,2026-03-12 05:00:00+00:00,2026-03-12 05:15:00+00:00,24744.51,24692.26,24901.26,3.0,TP_HIT,2026-03-12 09:45:00+00:00
2026-03-12,D_FIRST_PULLBACK,2026-03-12 11:30:00+00:00,2026-03-12 11:45:00+00:00,24893.43,24830.56,25082.04,-1.0,SL_HIT,2026-03-12 12:00:00+00:00
2026-03-13,D_FIRST_PULLBACK,2026-03-13 01:00:00+00:00,2026-03-13 01:15:00+00:00,24629.11,24588.24,24751.72,-1.0,SL_HIT,2026-03-13 02:30:00+00:00
2026-03-13,D_FIRST_PULLBACK,2026-03-13 09:45:00+00:00,2026-03-13 10:00:00+00:00,24514.16,24493.29,24576.77,3.0,TP_HIT,2026-03-13 10:15:00+00:00
2026-03-13,D_FIRST_PULLBACK,2026-03-13 10:45:00+00:00,2026-03-13 11:00:00+00:00,24601.16,24551.41,24750.41,0.0,BE_HIT,2026-03-13 13:30:00+00:00
2026-03-16,D_FIRST_PULLBACK,2026-03-16 00:45:00+00:00,2026-03-16 01:00:00+00:00,24502.07,24477.32,24576.32,-1.0,SL_HIT,2026-03-16 01:30:00+00:00
2026-03-16,D_FIRST_PULLBACK,2026-03-16 01:45:00+00:00,2026-03-16 02:00:00+00:00,24506.57,24460.94,24643.46,3.0,TP_HIT,2026-03-16 12:00:00+00:00
2026-03-17,D_FIRST_PULLBACK,2026-03-17 07:15:00+00:00,2026-03-17 07:30:00+00:00,24576.05,24519.42,24745.94,3.0,TP_HIT,2026-03-17 13:00:00+00:00
2026-03-18,D_FIRST_PULLBACK,2026-03-18 02:00:00+00:00,2026-03-18 02:15:00+00:00,24883.41,24857.54,24961.02,3.0,TP_HIT,2026-03-18 06:00:00+00:00
2026-03-18,D_FIRST_PULLBACK,2026-03-18 09:15:00+00:00,2026-03-18 09:30:00+00:00,24961.84,24935.34,25041.34,-1.0,SL_HIT,2026-03-18 11:00:00+00:00
2026-03-19,D_FIRST_PULLBACK,2026-03-19 02:15:00+00:00,2026-03-19 02:30:00+00:00,24474.85,24380.23,24758.71,-1.0,SL_HIT,2026-03-19 05:30:00+00:00
2026-03-19,D_FIRST_PULLBACK,2026-03-19 09:00:00+00:00,2026-03-19 09:15:00+00:00,24350.15,24285.4,24544.4,-1.0,SL_HIT,2026-03-19 12:00:00+00:00
2026-03-20,D_FIRST_PULLBACK,2026-03-20 12:00:00+00:00,2026-03-20 12:15:00+00:00,24256.1,24191.85,24448.85,-1.0,SL_HIT,2026-03-20 13:30:00+00:00
2026-03-23,D_FIRST_PULLBACK,2026-03-23 01:15:00+00:00,2026-03-23 01:30:00+00:00,23818.11,23725.23,24096.75,-1.0,SL_HIT,2026-03-23 05:45:00+00:00
2026-03-23,D_FIRST_PULLBACK,2026-03-23 11:00:00+00:00,2026-03-23 11:15:00+00:00,24510.66,23604.16,27230.16,0.0,EOD,2026-03-23 23:45:00+00:00
2026-03-24,D_FIRST_PULLBACK,2026-03-24 03:15:00+00:00,2026-03-24 03:30:00+00:00,24064.89,24025.77,24182.25,-1.0,SL_HIT,2026-03-24 05:00:00+00:00
2026-03-25,D_FIRST_PULLBACK,2026-03-25 03:30:00+00:00,2026-03-25 03:45:00+00:00,24151.87,24114.37,24264.37,3.0,TP_HIT,2026-03-25 08:00:00+00:00
2026-03-25,D_FIRST_PULLBACK,2026-03-25 11:00:00+00:00,2026-03-25 11:15:00+00:00,24266.42,24220.29,24404.81,-1.0,SL_HIT,2026-03-25 12:15:00+00:00
2026-03-27,D_FIRST_PULLBACK,2026-03-27 06:15:00+00:00,2026-03-27 06:30:00+00:00,23744.67,23709.87,23849.07,-1.0,SL_HIT,2026-03-27 06:45:00+00:00
2026-03-30,D_FIRST_PULLBACK,2026-03-30 01:00:00+00:00,2026-03-30 01:15:00+00:00,22969.03,22935.9,23068.42,3.0,TP_HIT,2026-03-30 02:45:00+00:00
2026-03-30,D_FIRST_PULLBACK,2026-03-30 04:00:00+00:00,2026-03-30 04:15:00+00:00,23110.4,23086.65,23181.65,3.0,TP_HIT,2026-03-30 06:15:00+00:00
2026-03-30,D_FIRST_PULLBACK,2026-03-30 07:45:00+00:00,2026-03-30 08:00:00+00:00,23204.33,23167.33,23315.33,3.0,TP_HIT,2026-03-30 11:15:00+00:00
2026-03-30,D_FIRST_PULLBACK,2026-03-30 12:15:00+00:00,2026-03-30 12:30:00+00:00,23308.08,23245.08,23497.08,-1.0,SL_HIT,2026-03-30 13:30:00+00:00
2026-03-31,D_FIRST_PULLBACK,2026-03-31 02:15:00+00:00,2026-03-31 02:30:00+00:00,23157.47,23132.22,23233.22,0.0,BE_HIT,2026-03-31 02:45:00+00:00
2026-03-31,D_FIRST_PULLBACK,2026-03-31 06:15:00+00:00,2026-03-31 06:30:00+00:00,23098.39,23075.77,23166.25,-1.0,SL_HIT,2026-03-31 06:45:00+00:00
2026-03-31,D_FIRST_PULLBACK,2026-03-31 07:30:00+00:00,2026-03-31 07:45:00+00:00,23146.77,23047.77,23443.77,-1.0,SL_HIT,2026-03-31 10:30:00+00:00
2026-03-31,D_FIRST_PULLBACK,2026-03-31 12:30:00+00:00,2026-03-31 12:45:00+00:00,23230.27,23121.27,23557.27,3.0,TP_HIT,2026-03-31 16:30:00+00:00
2026-04-01,D_FIRST_PULLBACK,2026-04-01 00:45:00+00:00,2026-04-01 01:00:00+00:00,23846.66,23803.16,23977.16,-1.0,SL_HIT,2026-04-01 01:15:00+00:00
2026-04-01,D_FIRST_PULLBACK,2026-04-01 04:30:00+00:00,2026-04-01 04:45:00+00:00,23818.54,23789.54,23905.54,3.0,TP_HIT,2026-04-01 06:15:00+00:00
2026-04-01,D_FIRST_PULLBACK,2026-04-01 07:30:00+00:00,2026-04-01 07:45:00+00:00,23977.59,23942.21,24083.73,-1.0,SL_HIT,2026-04-01 08:00:00+00:00
2026-04-02,D_FIRST_PULLBACK,2026-04-02 00:45:00+00:00,2026-04-02 01:00:00+00:00,24047.28,23966.03,24291.03,-1.0,SL_HIT,2026-04-02 01:15:00+00:00
2026-04-02,D_FIRST_PULLBACK,2026-04-02 07:30:00+00:00,2026-04-02 07:45:00+00:00,23653.71,23607.08,23793.6,-1.0,SL_HIT,2026-04-02 10:00:00+00:00
2026-04-03,D_FIRST_PULLBACK,2026-04-03 05:30:00+00:00,2026-04-03 05:45:00+00:00,24002.33,23973.58,24088.58,-1.0,SL_HIT,2026-04-03 06:30:00+00:00
2026-04-03,D_FIRST_PULLBACK,2026-04-03 11:15:00+00:00,2026-04-03 11:30:00+00:00,23966.13,23927.88,24080.88,0.0,BE_HIT,2026-04-03 12:30:00+00:00
2026-04-06,B_FLAT_TOP,2026-04-06 02:00:00+00:00,2026-04-06 02:00:00+00:00,24084.09,24007.34,24314.34,-1.0,SL_HIT,2026-04-06 03:15:00+00:00
2026-04-06,D_FIRST_PULLBACK,2026-04-06 06:00:00+00:00,2026-04-06 06:15:00+00:00,24097.14,24035.84,24281.04,-1.0,SL_HIT,2026-04-06 07:00:00+00:00
2026-04-06,D_FIRST_PULLBACK,2026-04-06 12:30:00+00:00,2026-04-06 12:45:00+00:00,24139.39,24111.27,24223.75,-1.0,SL_HIT,2026-04-06 13:00:00+00:00
2026-04-07,D_FIRST_PULLBACK,2026-04-07 03:30:00+00:00,2026-04-07 03:45:00+00:00,24053.14,24018.89,24155.89,3.0,TP_HIT,2026-04-07 08:00:00+00:00
2026-04-07,D_FIRST_PULLBACK,2026-04-07 12:15:00+00:00,2026-04-07 12:30:00+00:00,24068.07,23959.82,24392.82,-1.0,SL_HIT,2026-04-07 13:45:00+00:00
2026-04-08,D_FIRST_PULLBACK,2026-04-08 00:45:00+00:00,2026-04-08 01:00:00+00:00,24909.55,24837.18,25126.66,0.0,BE_HIT,2026-04-08 13:45:00+00:00
2026-04-09,D_FIRST_PULLBACK,2026-04-09 05:15:00+00:00,2026-04-09 05:30:00+00:00,24863.78,24825.66,24978.14,-1.0,SL_HIT,2026-04-09 07:30:00+00:00
2026-04-09,D_FIRST_PULLBACK,2026-04-09 09:15:00+00:00,2026-04-09 09:30:00+00:00,24843.58,24795.46,24987.94,0.0,BE_HIT,2026-04-09 13:45:00+00:00
2026-04-10,D_FIRST_PULLBACK,2026-04-10 01:30:00+00:00,2026-04-10 01:45:00+00:00,25126.39,25089.77,25236.25,-1.0,SL_HIT,2026-04-10 02:15:00+00:00
2026-04-13,D_FIRST_PULLBACK,2026-04-13 00:45:00+00:00,2026-04-13 01:00:00+00:00,24898.68,24831.18,25101.18,3.0,TP_HIT,2026-04-13 13:45:00+00:00
2026-04-14,D_FIRST_PULLBACK,2026-04-14 08:00:00+00:00,2026-04-14 08:15:00+00:00,25478.86,25452.74,25557.22,3.0,TP_HIT,2026-04-14 12:30:00+00:00
2026-04-15,D_FIRST_PULLBACK,2026-04-15 07:30:00+00:00,2026-04-15 07:45:00+00:00,25847.12,25826.24,25909.76,-1.0,SL_HIT,2026-04-15 09:45:00+00:00
2026-04-15,D_FIRST_PULLBACK,2026-04-15 12:30:00+00:00,2026-04-15 12:45:00+00:00,25850.99,25809.62,25975.1,3.0,TP_HIT,2026-04-15 14:15:00+00:00
2026-04-20,D_FIRST_PULLBACK,2026-04-20 07:00:00+00:00,2026-04-20 07:15:00+00:00,26566.82,26511.45,26732.93,-1.0,SL_HIT,2026-04-20 08:00:00+00:00
2026-04-20,D_FIRST_PULLBACK,2026-04-20 09:30:00+00:00,2026-04-20 09:45:00+00:00,26571.82,26549.2,26639.68,-1.0,SL_HIT,2026-04-20 11:00:00+00:00
2026-04-20,D_FIRST_PULLBACK,2026-04-20 12:30:00+00:00,2026-04-20 12:45:00+00:00,26595.95,26565.57,26687.09,3.0,TP_HIT,2026-04-20 13:30:00+00:00
2026-04-21,D_FIRST_PULLBACK,2026-04-21 00:45:00+00:00,2026-04-21 01:00:00+00:00,26690.81,26652.06,26807.06,-1.0,SL_HIT,2026-04-21 13:30:00+00:00
2026-04-22,D_FIRST_PULLBACK,2026-04-22 01:30:00+00:00,2026-04-22 01:45:00+00:00,26686.48,26662.48,26758.48,-1.0,SL_HIT,2026-04-22 04:30:00+00:00
2026-04-22,D_FIRST_PULLBACK,2026-04-22 05:15:00+00:00,2026-04-22 05:30:00+00:00,26695.98,26640.23,26863.23,3.0,TP_HIT,2026-04-22 14:30:00+00:00
2026-04-23,D_FIRST_PULLBACK,2026-04-23 07:30:00+00:00,2026-04-23 07:45:00+00:00,26869.3,26842.68,26949.16,-1.0,SL_HIT,2026-04-23 08:00:00+00:00
2026-04-23,D_FIRST_PULLBACK,2026-04-23 10:15:00+00:00,2026-04-23 10:30:00+00:00,26813.55,26788.55,26888.55,3.0,TP_HIT,2026-04-23 11:45:00+00:00
2026-04-24,D_FIRST_PULLBACK,2026-04-24 05:15:00+00:00,2026-04-24 05:30:00+00:00,26934.02,26906.52,27016.52,3.0,TP_HIT,2026-04-24 08:15:00+00:00
2026-04-24,D_FIRST_PULLBACK,2026-04-24 09:30:00+00:00,2026-04-24 09:45:00+00:00,26987.69,26939.19,27133.19,3.0,TP_HIT,2026-04-24 11:00:00+00:00
2026-04-24,D_FIRST_PULLBACK,2026-04-24 12:00:00+00:00,2026-04-24 12:15:00+00:00,27175.57,27141.19,27278.71,-1.0,SL_HIT,2026-04-24 12:30:00+00:00
2026-04-27,B_FLAT_TOP,2026-04-27 01:00:00+00:00,2026-04-27 01:00:00+00:00,27354.45,27158.97275,27940.88175,0.0,EOD,2026-04-27 23:45:00+00:00
2026-04-28,D_FIRST_PULLBACK,2026-04-28 04:15:00+00:00,2026-04-28 04:30:00+00:00,27313.11,27290.61,27380.61,-1.0,SL_HIT,2026-04-28 05:00:00+00:00
2026-04-28,D_FIRST_PULLBACK,2026-04-28 08:15:00+00:00,2026-04-28 08:30:00+00:00,27243.41,27188.41,27408.41,-1.0,SL_HIT,2026-04-28 09:30:00+00:00
2026-04-29,D_FIRST_PULLBACK,2026-04-29 02:45:00+00:00,2026-04-29 03:00:00+00:00,27157.26,27136.63,27219.15,0.0,BE_HIT,2026-04-29 06:45:00+00:00
2026-04-29,D_FIRST_PULLBACK,2026-04-29 10:15:00+00:00,2026-04-29 10:30:00+00:00,27170.31,27100.56,27379.56,-1.0,SL_HIT,2026-04-29 12:30:00+00:00
2026-04-30,D_FIRST_PULLBACK,2026-04-30 08:00:00+00:00,2026-04-30 08:15:00+00:00,27247.85,27226.98,27310.46,-1.0,SL_HIT,2026-04-30 09:15:00+00:00
2026-04-30,D_FIRST_PULLBACK,2026-04-30 11:00:00+00:00,2026-04-30 11:15:00+00:00,27305.98,27248.23,27479.23,0.0,BE_HIT,2026-04-30 13:30:00+00:00
2026-05-01,D_FIRST_PULLBACK,2026-05-01 01:15:00+00:00,2026-05-01 01:30:00+00:00,27540.07,27506.95,27639.43,-1.0,SL_HIT,2026-05-01 05:45:00+00:00
2026-05-01,D_FIRST_PULLBACK,2026-05-01 10:45:00+00:00,2026-05-01 11:00:00+00:00,27463.5,27430.25,27563.25,3.0,TP_HIT,2026-05-01 13:30:00+00:00
2026-05-04,D_FIRST_PULLBACK,2026-05-04 01:45:00+00:00,2026-05-04 02:00:00+00:00,27821.82,27774.44,27963.96,-1.0,SL_HIT,2026-05-04 08:00:00+00:00
2026-05-04,D_FIRST_PULLBACK,2026-05-04 11:45:00+00:00,2026-05-04 12:00:00+00:00,27733.24,27681.37,27888.85,0.0,BE_HIT,2026-05-04 15:15:00+00:00
2026-05-05,D_FIRST_PULLBACK,2026-05-05 02:15:00+00:00,2026-05-05 02:30:00+00:00,27734.95,27711.57,27805.09,-1.0,SL_HIT,2026-05-05 02:45:00+00:00
2026-05-05,D_FIRST_PULLBACK,2026-05-05 06:30:00+00:00,2026-05-05 06:45:00+00:00,27769.12,27721.62,27911.62,3.0,TP_HIT,2026-05-05 13:30:00+00:00
2026-05-06,D_FIRST_PULLBACK,2026-05-06 01:45:00+00:00,2026-05-06 02:00:00+00:00,28198.36,28177.36,28261.36,-1.0,SL_HIT,2026-05-06 02:30:00+00:00
2026-05-06,D_FIRST_PULLBACK,2026-05-06 02:45:00+00:00,2026-05-06 03:00:00+00:00,28193.98,28168.86,28269.34,3.0,TP_HIT,2026-05-06 06:00:00+00:00
2026-05-06,D_FIRST_PULLBACK,2026-05-06 07:30:00+00:00,2026-05-06 07:45:00+00:00,28244.41,28214.91,28332.91,3.0,TP_HIT,2026-05-06 08:45:00+00:00
