symbol,date,pattern,signal_time,entry_time,entry,sl,tp,rr,exit_reason,pnl_r,exit_time
NAS100,2025-12-08,D_FIRST_PULLBACK,2025-12-08 08:00:00+00:00,2025-12-08 08:15:00+00:00,25761.23,25740.35,25802.99,2.0,SL_HIT,-1.0,2025-12-08 09:00:00+00:00
NAS100,2025-12-08,D_FIRST_PULLBACK,2025-12-08 09:15:00+00:00,2025-12-08 09:30:00+00:00,25761.73,25734.1,25816.99,2.0,TP_HIT,2.0,2025-12-08 13:30:00+00:00
NAS100,2025-12-08,D_FIRST_PULLBACK,2025-12-08 15:15:00+00:00,2025-12-08 15:30:00+00:00,25633.85,25600.23,25701.09,2.0,SL_HIT,-1.0,2025-12-08 16:00:00+00:00
NAS100,2025-12-08,D_FIRST_PULLBACK,2025-12-08 16:30:00+00:00,2025-12-08 16:45:00+00:00,25594.35,25567.35,25648.35,2.0,TP_HIT,2.0,2025-12-08 17:00:00+00:00
NAS100,2025-12-08,D_FIRST_PULLBACK,2025-12-08 19:15:00+00:00,2025-12-08 19:30:00+00:00,25587.85,25554.35,25654.85,2.0,TP_HIT,2.0,2025-12-08 20:15:00+00:00
NAS100,2025-12-08,D_FIRST_PULLBACK,2025-12-08 22:45:00+00:00,2025-12-08 23:00:00+00:00,25701.42,25667.3,25769.66,2.0,EOD,0.0,2025-12-08 23:45:00+00:00
NAS100,2025-12-09,D_FIRST_PULLBACK,2025-12-09 01:15:00+00:00,2025-12-09 01:30:00+00:00,25671.92,25650.3,25715.16,2.0,SL_HIT,-1.0,2025-12-09 04:00:00+00:00
NAS100,2025-12-09,D_FIRST_PULLBACK,2025-12-09 05:30:00+00:00,2025-12-09 05:45:00+00:00,25655.3,25621.8,25722.3,2.0,SL_HIT,-1.0,2025-12-09 09:30:00+00:00
NAS100,2025-12-09,D_FIRST_PULLBACK,2025-12-09 10:30:00+00:00,2025-12-09 10:45:00+00:00,25650.47,25605.6,25740.21,2.0,SL_HIT,-1.0,2025-12-09 12:30:00+00:00
NAS100,2025-12-09,D_FIRST_PULLBACK,2025-12-09 15:00:00+00:00,2025-12-09 15:15:00+00:00,25666.47,25610.47,25778.47,2.0,EOD,0.0,2025-12-09 23:45:00+00:00
NAS100,2025-12-10,D_FIRST_PULLBACK,2025-12-10 15:15:00+00:00,2025-12-10 15:30:00+00:00,25624.33,25506.45,25860.09,2.0,EOD,0.0,2025-12-10 23:45:00+00:00
NAS100,2025-12-11,D_FIRST_PULLBACK,2025-12-11 04:45:00+00:00,2025-12-11 05:00:00+00:00,25494.82,25464.32,25555.82,2.0,SL_HIT,-1.0,2025-12-11 05:15:00+00:00
NAS100,2025-12-11,D_FIRST_PULLBACK,2025-12-11 06:15:00+00:00,2025-12-11 06:30:00+00:00,25501.25,25455.37,25593.01,2.0,SL_HIT,-1.0,2025-12-11 07:30:00+00:00
NAS100,2025-12-11,D_FIRST_PULLBACK,2025-12-11 07:45:00+00:00,2025-12-11 08:00:00+00:00,25516.62,25454.62,25640.62,2.0,TP_HIT,2.0,2025-12-11 11:15:00+00:00
NAS100,2025-12-11,D_FIRST_PULLBACK,2025-12-11 14:15:00+00:00,2025-12-11 14:30:00+00:00,25579.12,25371.25,25994.86,2.0,EOD,0.0,2025-12-11 23:45:00+00:00
NAS100,2025-12-12,D_FIRST_PULLBACK,2025-12-12 01:00:00+00:00,2025-12-12 01:15:00+00:00,25680.47,25643.85,25753.71,2.0,SL_HIT,-1.0,2025-12-12 03:00:00+00:00
NAS100,2025-12-12,D_FIRST_PULLBACK,2025-12-12 09:00:00+00:00,2025-12-12 09:15:00+00:00,25601.52,25544.77,25715.02,2.0,SL_HIT,-1.0,2025-12-12 10:30:00+00:00
NAS100,2025-12-12,D_FIRST_PULLBACK,2025-12-12 11:00:00+00:00,2025-12-12 11:15:00+00:00,25553.15,25515.27,25628.91,2.0,SL_HIT,-1.0,2025-12-12 13:30:00+00:00
NAS100,2025-12-12,D_FIRST_PULLBACK,2025-12-12 16:45:00+00:00,2025-12-12 17:00:00+00:00,25260.02,25176.27,25427.52,2.0,SL_HIT,-1.0,2025-12-12 19:30:00+00:00
NAS100,2025-12-12,D_FIRST_PULLBACK,2025-12-12 19:45:00+00:00,2025-12-12 20:00:00+00:00,25192.35,25128.52,25320.01,2.0,EOD,0.0,2025-12-12 20:45:00+00:00
NAS100,2025-12-15,D_FIRST_PULLBACK,2025-12-15 03:30:00+00:00,2025-12-15 03:45:00+00:00,25247.29,25223.41,25295.05,2.0,SL_HIT,-1.0,2025-12-15 07:00:00+00:00
NAS100,2025-12-15,D_FIRST_PULLBACK,2025-12-15 08:15:00+00:00,2025-12-15 08:30:00+00:00,25304.84,25264.34,25385.84,2.0,TP_HIT,2.0,2025-12-15 13:15:00+00:00
NAS100,2025-12-15,D_FIRST_PULLBACK,2025-12-15 14:30:00+00:00,2025-12-15 14:45:00+00:00,25167.96,25025.09,25453.7,2.0,SL_HIT,-1.0,2025-12-15 23:00:00+00:00
NAS100,2025-12-16,D_FIRST_PULLBACK,2025-12-16 02:45:00+00:00,2025-12-16 03:00:00+00:00,24904.61,24848.61,25016.61,2.0,SL_HIT,-1.0,2025-12-16 06:30:00+00:00
NAS100,2025-12-16,D_FIRST_PULLBACK,2025-12-16 10:30:00+00:00,2025-12-16 10:45:00+00:00,25014.16,24981.66,25079.16,2.0,TP_HIT,2.0,2025-12-16 12:30:00+00:00
NAS100,2025-12-16,D_FIRST_PULLBACK,2025-12-16 13:45:00+00:00,2025-12-16 14:00:00+00:00,25143.04,24956.16,25516.8,2.0,SL_HIT,-1.0,2025-12-16 14:15:00+00:00
NAS100,2025-12-16,D_FIRST_PULLBACK,2025-12-16 15:30:00+00:00,2025-12-16 15:45:00+00:00,25007.66,24964.29,25094.4,2.0,TP_HIT,2.0,2025-12-16 16:00:00+00:00
NAS100,2025-12-16,D_FIRST_PULLBACK,2025-12-16 18:30:00+00:00,2025-12-16 18:45:00+00:00,25069.54,24978.54,25251.54,2.0,EOD,0.0,2025-12-16 23:45:00+00:00
NAS100,2025-12-17,D_FIRST_PULLBACK,2025-12-17 00:45:00+00:00,2025-12-17 01:00:00+00:00,25112.2,25066.82,25202.96,2.0,SL_HIT,-1.0,2025-12-17 04:00:00+00:00
NAS100,2025-12-17,D_FIRST_PULLBACK,2025-12-17 07:15:00+00:00,2025-12-17 07:30:00+00:00,25166.75,25143.75,25212.75,2.0,TP_HIT,2.0,2025-12-17 08:30:00+00:00
NAS100,2025-12-17,D_FIRST_PULLBACK,2025-12-17 10:30:00+00:00,2025-12-17 10:45:00+00:00,25246.0,25222.75,25292.5,2.0,SL_HIT,-1.0,2025-12-17 12:00:00+00:00
NAS100,2025-12-17,D_FIRST_PULLBACK,2025-12-17 16:15:00+00:00,2025-12-17 16:30:00+00:00,24798.5,24739.0,24917.5,2.0,SL_HIT,-1.0,2025-12-17 17:30:00+00:00
NAS100,2025-12-17,D_FIRST_PULLBACK,2025-12-17 18:45:00+00:00,2025-12-17 19:00:00+00:00,24730.0,24678.25,24833.5,2.0,SL_HIT,-1.0,2025-12-17 19:45:00+00:00
NAS100,2025-12-17,D_FIRST_PULLBACK,2025-12-17 20:00:00+00:00,2025-12-17 20:15:00+00:00,24748.45,24643.95,24957.45,2.0,EOD,0.0,2025-12-17 23:45:00+00:00
NAS100,2025-12-18,D_FIRST_PULLBACK,2025-12-18 01:00:00+00:00,2025-12-18 01:15:00+00:00,24737.36,24710.23,24791.62,2.0,SL_HIT,-1.0,2025-12-18 02:00:00+00:00
NAS100,2025-12-18,D_FIRST_PULLBACK,2025-12-18 04:30:00+00:00,2025-12-18 04:45:00+00:00,24745.48,24724.23,24787.98,2.0,SL_HIT,-1.0,2025-12-18 05:45:00+00:00
NAS100,2025-12-18,D_FIRST_PULLBACK,2025-12-18 06:00:00+00:00,2025-12-18 06:15:00+00:00,24776.78,24712.98,24904.38,2.0,TP_HIT,2.0,2025-12-18 12:30:00+00:00
NAS100,2025-12-18,D_FIRST_PULLBACK,2025-12-18 16:30:00+00:00,2025-12-18 16:45:00+00:00,25103.03,24943.91,25421.27,2.0,EOD,0.0,2025-12-18 23:45:00+00:00
NAS100,2025-12-19,B_FLAT_TOP,2025-12-19 00:45:00+00:00,2025-12-19 00:45:00+00:00,25027.5,24973.12,25136.26,2.0,TP_HIT,2.0,2025-12-19 07:00:00+00:00
NAS100,2025-12-19,D_FIRST_PULLBACK,2025-12-19 08:15:00+00:00,2025-12-19 08:30:00+00:00,25149.55,25117.3,25214.05,2.0,SL_HIT,-1.0,2025-12-19 09:00:00+00:00
NAS100,2025-12-19,D_FIRST_PULLBACK,2025-12-19 12:15:00+00:00,2025-12-19 12:30:00+00:00,25074.05,25035.05,25152.05,2.0,TP_HIT,2.0,2025-12-19 13:30:00+00:00
NAS100,2025-12-19,D_FIRST_PULLBACK,2025-12-19 15:00:00+00:00,2025-12-19 15:15:00+00:00,25288.17,25221.17,25422.17,2.0,EOD,0.0,2025-12-19 20:45:00+00:00
NAS100,2025-12-22,D_FIRST_PULLBACK,2025-12-22 08:00:00+00:00,2025-12-22 08:15:00+00:00,25471.11,25449.11,25515.11,2.0,TP_HIT,2.0,2025-12-22 12:15:00+00:00
NAS100,2025-12-22,D_FIRST_PULLBACK,2025-12-22 12:45:00+00:00,2025-12-22 13:00:00+00:00,25520.48,25498.86,25563.72,2.0,SL_HIT,-1.0,2025-12-22 13:30:00+00:00
NAS100,2025-12-22,D_FIRST_PULLBACK,2025-12-22 15:45:00+00:00,2025-12-22 16:00:00+00:00,25482.98,25457.73,25533.48,2.0,SL_HIT,-1.0,2025-12-22 16:30:00+00:00
NAS100,2025-12-22,D_FIRST_PULLBACK,2025-12-22 16:45:00+00:00,2025-12-22 17:00:00+00:00,25489.23,25454.86,25557.97,2.0,SL_HIT,-1.0,2025-12-22 17:15:00+00:00
NAS100,2025-12-22,D_FIRST_PULLBACK,2025-12-22 17:30:00+00:00,2025-12-22 17:45:00+00:00,25463.61,25441.48,25507.87,2.0,EOD,0.0,2025-12-22 23:45:00+00:00
NAS100,2025-12-23,D_FIRST_PULLBACK,2025-12-23 07:15:00+00:00,2025-12-23 07:30:00+00:00,25467.73,25436.73,25529.73,2.0,SL_HIT,-1.0,2025-12-23 11:15:00+00:00
NAS100,2025-12-23,D_FIRST_PULLBACK,2025-12-23 11:45:00+00:00,2025-12-23 12:00:00+00:00,25455.48,25432.23,25501.98,2.0,SL_HIT,-1.0,2025-12-23 12:15:00+00:00
NAS100,2025-12-23,D_FIRST_PULLBACK,2025-12-23 13:15:00+00:00,2025-12-23 13:30:00+00:00,25413.98,25380.1,25481.74,2.0,TP_HIT,2.0,2025-12-23 13:45:00+00:00
NAS100,2025-12-25,D_FIRST_PULLBACK,2025-12-25 23:00:00+00:00,2025-12-25 23:15:00+00:00,25685.44,25657.19,25741.94,2.0,EOD,0.0,2025-12-25 23:45:00+00:00
NAS100,2025-12-26,D_FIRST_PULLBACK,2025-12-26 14:15:00+00:00,2025-12-26 14:30:00+00:00,25662.99,25614.49,25759.99,2.0,EOD,0.0,2025-12-26 20:45:00+00:00
NAS100,2025-12-28,D_FIRST_PULLBACK,2025-12-28 23:30:00+00:00,2025-12-28 23:45:00+00:00,25664.69,25642.07,25709.93,2.0,EOD,0.0,
NAS100,2025-12-29,D_FIRST_PULLBACK,2025-12-29 01:45:00+00:00,2025-12-29 02:00:00+00:00,25634.19,25613.94,25674.69,2.0,SL_HIT,-1.0,2025-12-29 04:15:00+00:00
NAS100,2025-12-29,D_FIRST_PULLBACK,2025-12-29 05:15:00+00:00,2025-12-29 05:30:00+00:00,25624.69,25600.94,25672.19,2.0,SL_HIT,-1.0,2025-12-29 05:45:00+00:00
NAS100,2025-12-29,D_FIRST_PULLBACK,2025-12-29 08:00:00+00:00,2025-12-29 08:15:00+00:00,25548.37,25520.62,25603.87,2.0,SL_HIT,-1.0,2025-12-29 12:45:00+00:00
NAS100,2025-12-29,D_FIRST_PULLBACK,2025-12-29 13:30:00+00:00,2025-12-29 13:45:00+00:00,25581.99,25445.62,25854.73,2.0,SL_HIT,-1.0,2025-12-29 16:15:00+00:00
NAS100,2025-12-29,D_FIRST_PULLBACK,2025-12-29 18:15:00+00:00,2025-12-29 18:30:00+00:00,25499.49,25472.74,25552.99,2.0,TP_HIT,2.0,2025-12-29 18:45:00+00:00
NAS100,2025-12-30,D_FIRST_PULLBACK,2025-12-30 00:45:00+00:00,2025-12-30 01:00:00+00:00,25515.87,25494.74,25558.13,2.0,SL_HIT,-1.0,2025-12-30 01:45:00+00:00
NAS100,2025-12-30,D_FIRST_PULLBACK,2025-12-30 04:45:00+00:00,2025-12-30 05:00:00+00:00,25535.87,25513.37,25580.87,2.0,SL_HIT,-1.0,2025-12-30 05:15:00+00:00
NAS100,2025-12-30,D_FIRST_PULLBACK,2025-12-30 13:00:00+00:00,2025-12-30 13:15:00+00:00,25511.67,25483.17,25568.67,2.0,SL_HIT,-1.0,2025-12-30 13:30:00+00:00
NAS100,2025-12-30,D_FIRST_PULLBACK,2025-12-30 13:45:00+00:00,2025-12-30 14:00:00+00:00,25547.29,25466.04,25709.79,2.0,SL_HIT,-1.0,2025-12-30 19:45:00+00:00
NAS100,2025-12-31,D_FIRST_PULLBACK,2025-12-31 02:00:00+00:00,2025-12-31 02:15:00+00:00,25421.85,25398.6,25468.35,2.0,SL_HIT,-1.0,2025-12-31 04:45:00+00:00
NAS100,2025-12-31,D_FIRST_PULLBACK,2025-12-31 09:15:00+00:00,2025-12-31 09:30:00+00:00,25379.53,25355.03,25428.53,2.0,TP_HIT,2.0,2025-12-31 12:15:00+00:00
NAS100,2025-12-31,D_FIRST_PULLBACK,2025-12-31 17:00:00+00:00,2025-12-31 17:15:00+00:00,25396.78,25365.9,25458.54,2.0,SL_HIT,-1.0,2025-12-31 18:30:00+00:00
NAS100,2025-12-31,D_FIRST_PULLBACK,2025-12-31 19:30:00+00:00,2025-12-31 19:45:00+00:00,25299.4,25264.65,25368.9,2.0,SL_HIT,-1.0,2025-12-31 20:00:00+00:00
NAS100,2026-01-01,D_FIRST_PULLBACK,2026-01-01 23:15:00+00:00,2026-01-01 23:30:00+00:00,25302.56,25271.44,25364.8,2.0,EOD,0.0,2026-01-01 23:45:00+00:00
NAS100,2026-01-02,D_FIRST_PULLBACK,2026-01-02 02:45:00+00:00,2026-01-02 03:00:00+00:00,25422.44,25393.44,25480.44,2.0,TP_HIT,2.0,2026-01-02 07:00:00+00:00
NAS100,2026-01-02,D_FIRST_PULLBACK,2026-01-02 07:45:00+00:00,2026-01-02 08:00:00+00:00,25504.36,25473.61,25565.86,2.0,SL_HIT,-1.0,2026-01-02 13:00:00+00:00
NAS100,2026-01-02,D_FIRST_PULLBACK,2026-01-02 13:30:00+00:00,2026-01-02 13:45:00+00:00,25487.36,25436.86,25588.36,2.0,SL_HIT,-1.0,2026-01-02 14:00:00+00:00
NAS100,2026-01-02,D_FIRST_PULLBACK,2026-01-02 16:00:00+00:00,2026-01-02 16:15:00+00:00,25193.99,25101.86,25378.25,2.0,SL_HIT,-1.0,2026-01-02 17:45:00+00:00
NAS100,2026-01-02,D_FIRST_PULLBACK,2026-01-02 18:00:00+00:00,2026-01-02 18:15:00+00:00,25183.36,25062.86,25424.36,2.0,EOD,0.0,2026-01-02 20:45:00+00:00
NAS100,2026-01-04,B_FLAT_TOP,2026-01-04 22:45:00+00:00,2026-01-04 22:45:00+00:00,25264.13,25237.63,25317.13,2.0,EOD,0.0,2026-01-04 23:45:00+00:00
NAS100,2026-01-05,D_FIRST_PULLBACK,2026-01-05 01:45:00+00:00,2026-01-05 02:00:00+00:00,25280.63,25259.76,25322.37,2.0,TP_HIT,2.0,2026-01-05 07:00:00+00:00
NAS100,2026-01-05,D_FIRST_PULLBACK,2026-01-05 12:30:00+00:00,2026-01-05 12:45:00+00:00,25353.81,25326.93,25407.57,2.0,TP_HIT,2.0,2026-01-05 13:00:00+00:00
NAS100,2026-01-05,D_FIRST_PULLBACK,2026-01-05 17:30:00+00:00,2026-01-05 17:45:00+00:00,25424.31,25363.81,25545.31,2.0,SL_HIT,-1.0,2026-01-05 18:30:00+00:00
NAS100,2026-01-06,D_FIRST_PULLBACK,2026-01-06 01:30:00+00:00,2026-01-06 01:45:00+00:00,25423.47,25402.22,25465.97,2.0,TP_HIT,2.0,2026-01-06 05:00:00+00:00
NAS100,2026-01-06,D_FIRST_PULLBACK,2026-01-06 07:45:00+00:00,2026-01-06 08:00:00+00:00,25382.52,25336.77,25474.02,2.0,TP_HIT,2.0,2026-01-06 13:30:00+00:00
NAS100,2026-01-06,D_FIRST_PULLBACK,2026-01-06 15:15:00+00:00,2026-01-06 15:30:00+00:00,25486.89,25449.39,25561.89,2.0,TP_HIT,2.0,2026-01-06 16:30:00+00:00
NAS100,2026-01-06,D_FIRST_PULLBACK,2026-01-06 17:45:00+00:00,2026-01-06 18:00:00+00:00,25614.39,25559.89,25723.39,2.0,EOD,0.0,2026-01-06 23:45:00+00:00
NAS100,2026-01-07,D_FIRST_PULLBACK,2026-01-07 08:30:00+00:00,2026-01-07 08:45:00+00:00,25563.93,25539.68,25612.43,2.0,TP_HIT,2.0,2026-01-07 13:30:00+00:00
NAS100,2026-01-07,D_FIRST_PULLBACK,2026-01-07 14:15:00+00:00,2026-01-07 14:30:00+00:00,25679.55,25625.3,25788.05,2.0,TP_HIT,2.0,2026-01-07 16:00:00+00:00
NAS100,2026-01-07,D_FIRST_PULLBACK,2026-01-07 17:30:00+00:00,2026-01-07 17:45:00+00:00,25782.3,25739.55,25867.8,2.0,SL_HIT,-1.0,2026-01-07 18:00:00+00:00
NAS100,2026-01-07,D_FIRST_PULLBACK,2026-01-07 23:30:00+00:00,2026-01-07 23:45:00+00:00,25649.28,25622.78,25702.28,2.0,EOD,0.0,
NAS100,2026-01-08,D_FIRST_PULLBACK,2026-01-08 05:30:00+00:00,2026-01-08 05:45:00+00:00,25516.03,25487.28,25573.53,2.0,TP_HIT,2.0,2026-01-08 06:15:00+00:00
NAS100,2026-01-08,D_FIRST_PULLBACK,2026-01-08 11:15:00+00:00,2026-01-08 11:30:00+00:00,25589.83,25562.58,25644.33,2.0,SL_HIT,-1.0,2026-01-08 13:30:00+00:00
NAS100,2026-01-08,D_FIRST_PULLBACK,2026-01-08 14:00:00+00:00,2026-01-08 14:15:00+00:00,25494.95,25385.95,25712.95,2.0,EOD,0.0,2026-01-08 23:45:00+00:00
NAS100,2026-01-09,D_FIRST_PULLBACK,2026-01-09 00:45:00+00:00,2026-01-09 01:00:00+00:00,25470.11,25446.36,25517.61,2.0,TP_HIT,2.0,2026-01-09 05:00:00+00:00
NAS100,2026-01-09,D_FIRST_PULLBACK,2026-01-09 06:45:00+00:00,2026-01-09 07:00:00+00:00,25491.78,25471.16,25533.02,2.0,TP_HIT,2.0,2026-01-09 08:30:00+00:00
NAS100,2026-01-09,D_FIRST_PULLBACK,2026-01-09 10:15:00+00:00,2026-01-09 10:30:00+00:00,25564.16,25539.91,25612.66,2.0,SL_HIT,-1.0,2026-01-09 11:15:00+00:00
NAS100,2026-01-09,D_FIRST_PULLBACK,2026-01-09 11:45:00+00:00,2026-01-09 12:00:00+00:00,25568.16,25532.91,25638.66,2.0,TP_HIT,2.0,2026-01-09 13:00:00+00:00
NAS100,2026-01-09,D_FIRST_PULLBACK,2026-01-09 13:30:00+00:00,2026-01-09 13:45:00+00:00,25569.91,25468.28,25773.17,2.0,SL_HIT,-1.0,2026-01-09 14:00:00+00:00
NAS100,2026-01-09,D_FIRST_PULLBACK,2026-01-09 14:15:00+00:00,2026-01-09 14:30:00+00:00,25673.91,25438.41,26144.91,2.0,EOD,0.0,2026-01-09 20:45:00+00:00
NAS100,2026-01-12,D_FIRST_PULLBACK,2026-01-12 00:45:00+00:00,2026-01-12 01:00:00+00:00,25605.55,25551.8,25713.05,2.0,SL_HIT,-1.0,2026-01-12 02:45:00+00:00
NAS100,2026-01-12,D_FIRST_PULLBACK,2026-01-12 05:00:00+00:00,2026-01-12 05:15:00+00:00,25544.8,25505.67,25623.06,2.0,SL_HIT,-1.0,2026-01-12 07:15:00+00:00
NAS100,2026-01-12,D_FIRST_PULLBACK,2026-01-12 08:45:00+00:00,2026-01-12 09:00:00+00:00,25526.85,25494.6,25591.35,2.0,TP_HIT,2.0,2026-01-12 13:30:00+00:00
NAS100,2026-01-12,D_FIRST_PULLBACK,2026-01-12 15:00:00+00:00,2026-01-12 15:15:00+00:00,25773.6,25692.22,25936.36,2.0,EOD,0.0,2026-01-12 23:45:00+00:00
NAS100,2026-01-13,D_FIRST_PULLBACK,2026-01-13 00:45:00+00:00,2026-01-13 01:00:00+00:00,25710.43,25677.43,25776.43,2.0,TP_HIT,2.0,2026-01-13 12:30:00+00:00
NAS100,2026-01-13,D_FIRST_PULLBACK,2026-01-13 13:30:00+00:00,2026-01-13 13:45:00+00:00,25821.73,25762.73,25939.73,2.0,SL_HIT,-1.0,2026-01-13 14:00:00+00:00
NAS100,2026-01-13,D_FIRST_PULLBACK,2026-01-13 15:00:00+00:00,2026-01-13 15:15:00+00:00,25734.1,25641.35,25919.6,2.0,SL_HIT,-1.0,2026-01-13 19:30:00+00:00
NAS100,2026-01-13,D_FIRST_PULLBACK,2026-01-13 19:45:00+00:00,2026-01-13 20:00:00+00:00,25736.68,25634.85,25940.34,2.0,EOD,0.0,2026-01-13 23:45:00+00:00
NAS100,2026-01-14,D_FIRST_PULLBACK,2026-01-14 11:15:00+00:00,2026-01-14 11:30:00+00:00,25606.8,25534.8,25750.8,2.0,SL_HIT,-1.0,2026-01-14 13:30:00+00:00
NAS100,2026-01-14,D_FIRST_PULLBACK,2026-01-14 14:00:00+00:00,2026-01-14 14:15:00+00:00,25507.43,25366.55,25789.19,2.0,SL_HIT,-1.0,2026-01-14 14:45:00+00:00
NAS100,2026-01-14,D_FIRST_PULLBACK,2026-01-14 17:45:00+00:00,2026-01-14 18:00:00+00:00,25347.68,25254.05,25534.94,2.0,EOD,0.0,2026-01-14 23:45:00+00:00
NAS100,2026-01-15,D_FIRST_PULLBACK,2026-01-15 00:45:00+00:00,2026-01-15 01:00:00+00:00,25465.5,25398.37,25599.76,2.0,TP_HIT,2.0,2026-01-15 08:00:00+00:00
NAS100,2026-01-15,D_FIRST_PULLBACK,2026-01-15 11:45:00+00:00,2026-01-15 12:00:00+00:00,25687.55,25646.92,25768.81,2.0,TP_HIT,2.0,2026-01-15 13:15:00+00:00
NAS100,2026-01-15,D_FIRST_PULLBACK,2026-01-15 15:00:00+00:00,2026-01-15 15:15:00+00:00,25730.17,25639.55,25911.41,2.0,SL_HIT,-1.0,2026-01-15 18:15:00+00:00
NAS100,2026-01-16,D_FIRST_PULLBACK,2026-01-16 01:15:00+00:00,2026-01-16 01:30:00+00:00,25627.14,25601.64,25678.14,2.0,TP_HIT,2.0,2026-01-16 07:00:00+00:00
NAS100,2026-01-16,D_FIRST_PULLBACK,2026-01-16 07:45:00+00:00,2026-01-16 08:00:00+00:00,25655.19,25634.44,25696.69,2.0,TP_HIT,2.0,2026-01-16 09:45:00+00:00
NAS100,2026-01-16,D_FIRST_PULLBACK,2026-01-16 10:15:00+00:00,2026-01-16 10:30:00+00:00,25706.19,25686.19,25746.19,2.0,SL_HIT,-1.0,2026-01-16 10:45:00+00:00
NAS100,2026-01-16,D_FIRST_PULLBACK,2026-01-16 11:30:00+00:00,2026-01-16 11:45:00+00:00,25684.19,25659.44,25733.69,2.0,SL_HIT,-1.0,2026-01-16 12:00:00+00:00
NAS100,2026-01-16,D_FIRST_PULLBACK,2026-01-16 14:45:00+00:00,2026-01-16 15:00:00+00:00,25519.56,25430.56,25697.56,2.0,EOD,0.0,2026-01-16 20:45:00+00:00
NAS100,2026-01-18,D_FIRST_PULLBACK,2026-01-18 23:30:00+00:00,2026-01-18 23:45:00+00:00,25285.15,25224.53,25406.39,2.0,EOD,0.0,
NAS100,2026-01-19,D_FIRST_PULLBACK,2026-01-19 01:00:00+00:00,2026-01-19 01:15:00+00:00,25263.78,25234.78,25321.78,2.0,SL_HIT,-1.0,2026-01-19 02:15:00+00:00
NAS100,2026-01-19,D_FIRST_PULLBACK,2026-01-19 04:15:00+00:00,2026-01-19 04:30:00+00:00,25263.03,25219.4,25350.29,2.0,SL_HIT,-1.0,2026-01-19 06:00:00+00:00
NAS100,2026-01-19,D_FIRST_PULLBACK,2026-01-19 09:15:00+00:00,2026-01-19 09:30:00+00:00,25153.7,25105.95,25249.2,2.0,SL_HIT,-1.0,2026-01-19 13:30:00+00:00
NAS100,2026-01-19,D_FIRST_PULLBACK,2026-01-19 13:45:00+00:00,2026-01-19 14:00:00+00:00,25164.7,25085.08,25323.94,2.0,EOD,0.0,2026-01-19 23:45:00+00:00
NAS100,2026-01-20,D_FIRST_PULLBACK,2026-01-20 01:30:00+00:00,2026-01-20 01:45:00+00:00,25279.91,25242.78,25354.17,2.0,SL_HIT,-1.0,2026-01-20 03:45:00+00:00
NAS100,2026-01-20,D_FIRST_PULLBACK,2026-01-20 04:15:00+00:00,2026-01-20 04:30:00+00:00,25258.53,25218.41,25338.77,2.0,SL_HIT,-1.0,2026-01-20 05:00:00+00:00
NAS100,2026-01-20,D_FIRST_PULLBACK,2026-01-20 09:00:00+00:00,2026-01-20 09:15:00+00:00,25015.33,24947.58,25150.83,2.0,TP_HIT,2.0,2026-01-20 13:30:00+00:00
NAS100,2026-01-20,D_FIRST_PULLBACK,2026-01-20 14:15:00+00:00,2026-01-20 14:30:00+00:00,25212.21,25106.58,25423.47,2.0,SL_HIT,-1.0,2026-01-20 17:15:00+00:00
NAS100,2026-01-20,D_FIRST_PULLBACK,2026-01-20 19:45:00+00:00,2026-01-20 20:00:00+00:00,24994.41,24950.58,25082.07,2.0,EOD,0.0,2026-01-20 23:45:00+00:00
NAS100,2026-01-21,D_FIRST_PULLBACK,2026-01-21 02:15:00+00:00,2026-01-21 02:30:00+00:00,25076.41,25033.54,25162.15,2.0,SL_HIT,-1.0,2026-01-21 08:30:00+00:00
NAS100,2026-01-21,D_FIRST_PULLBACK,2026-01-21 09:15:00+00:00,2026-01-21 09:30:00+00:00,25031.84,24976.71,25142.1,2.0,SL_HIT,-1.0,2026-01-21 10:30:00+00:00
NAS100,2026-01-21,D_FIRST_PULLBACK,2026-01-21 11:15:00+00:00,2026-01-21 11:30:00+00:00,24925.84,24881.34,25014.84,2.0,TP_HIT,2.0,2026-01-21 13:00:00+00:00
NAS100,2026-01-21,D_FIRST_PULLBACK,2026-01-21 13:45:00+00:00,2026-01-21 14:00:00+00:00,25179.46,24983.09,25572.2,2.0,EOD,0.0,2026-01-21 23:45:00+00:00
NAS100,2026-01-22,D_FIRST_PULLBACK,2026-01-22 05:30:00+00:00,2026-01-22 05:45:00+00:00,25383.92,25341.17,25469.42,2.0,TP_HIT,2.0,2026-01-22 07:00:00+00:00
NAS100,2026-01-22,D_FIRST_PULLBACK,2026-01-22 11:15:00+00:00,2026-01-22 11:30:00+00:00,25541.22,25516.84,25589.98,2.0,TP_HIT,2.0,2026-01-22 12:45:00+00:00
NAS100,2026-01-22,D_FIRST_PULLBACK,2026-01-22 14:15:00+00:00,2026-01-22 14:30:00+00:00,25450.34,25395.22,25560.58,2.0,TP_HIT,2.0,2026-01-22 16:30:00+00:00
NAS100,2026-01-22,D_FIRST_PULLBACK,2026-01-22 18:00:00+00:00,2026-01-22 18:15:00+00:00,25558.84,25524.84,25626.84,2.0,SL_HIT,-1.0,2026-01-22 18:45:00+00:00
NAS100,2026-01-22,D_FIRST_PULLBACK,2026-01-22 19:45:00+00:00,2026-01-22 20:00:00+00:00,25519.42,25442.34,25673.58,2.0,SL_HIT,-1.0,2026-01-22 22:00:00+00:00
NAS100,2026-01-22,D_FIRST_PULLBACK,2026-01-22 22:15:00+00:00,2026-01-22 22:30:00+00:00,25475.8,25439.8,25547.8,2.0,EOD,0.0,2026-01-22 23:45:00+00:00
NAS100,2026-01-23,D_FIRST_PULLBACK,2026-01-23 02:00:00+00:00,2026-01-23 02:15:00+00:00,25554.3,25525.92,25611.06,2.0,SL_HIT,-1.0,2026-01-23 07:00:00+00:00
NAS100,2026-01-23,D_FIRST_PULLBACK,2026-01-23 11:45:00+00:00,2026-01-23 12:00:00+00:00,25489.35,25444.72,25578.61,2.0,SL_HIT,-1.0,2026-01-23 12:15:00+00:00
NAS100,2026-01-23,D_FIRST_PULLBACK,2026-01-23 13:15:00+00:00,2026-01-23 13:30:00+00:00,25467.35,25417.6,25566.85,2.0,TP_HIT,2.0,2026-01-23 14:00:00+00:00
NAS100,2026-01-23,D_FIRST_PULLBACK,2026-01-23 17:00:00+00:00,2026-01-23 17:15:00+00:00,25590.22,25543.97,25682.72,2.0,SL_HIT,-1.0,2026-01-23 20:15:00+00:00
NAS100,2026-01-25,B_FLAT_TOP,2026-01-25 22:45:00+00:00,2026-01-25 22:45:00+00:00,25428.96,25363.58,25559.72,2.0,EOD,0.0,2026-01-25 23:45:00+00:00
NAS100,2026-01-26,D_FIRST_PULLBACK,2026-01-26 02:00:00+00:00,2026-01-26 02:15:00+00:00,25515.08,25467.58,25610.08,2.0,TP_HIT,2.0,2026-01-26 07:15:00+00:00
NAS100,2026-01-26,D_FIRST_PULLBACK,2026-01-26 09:00:00+00:00,2026-01-26 09:15:00+00:00,25508.26,25452.63,25619.52,2.0,TP_HIT,2.0,2026-01-26 13:30:00+00:00
NAS100,2026-01-26,D_FIRST_PULLBACK,2026-01-26 13:45:00+00:00,2026-01-26 14:00:00+00:00,25706.51,25575.01,25969.51,2.0,EOD,0.0,2026-01-26 23:45:00+00:00
NAS100,2026-01-27,B_FLAT_TOP,2026-01-27 01:00:00+00:00,2026-01-27 01:00:00+00:00,25820.19,25656.64215,26147.2857,2.0,EOD,0.0,2026-01-27 23:45:00+00:00
NAS100,2026-01-28,D_FIRST_PULLBACK,2026-01-28 03:00:00+00:00,2026-01-28 03:15:00+00:00,26095.41,26068.66,26148.91,2.0,TP_HIT,2.0,2026-01-28 05:00:00+00:00
NAS100,2026-01-28,D_FIRST_PULLBACK,2026-01-28 08:45:00+00:00,2026-01-28 09:00:00+00:00,26160.71,26128.21,26225.71,2.0,SL_HIT,-1.0,2026-01-28 13:00:00+00:00
NAS100,2026-01-28,D_FIRST_PULLBACK,2026-01-28 13:30:00+00:00,2026-01-28 13:45:00+00:00,26162.46,26090.08,26307.22,2.0,SL_HIT,-1.0,2026-01-28 14:15:00+00:00
NAS100,2026-01-28,D_FIRST_PULLBACK,2026-01-28 15:00:00+00:00,2026-01-28 15:15:00+00:00,26059.33,26035.33,26107.33,2.0,SL_HIT,-1.0,2026-01-28 15:30:00+00:00
NAS100,2026-01-28,D_FIRST_PULLBACK,2026-01-28 16:00:00+00:00,2026-01-28 16:15:00+00:00,26027.58,25976.71,26129.32,2.0,SL_HIT,-1.0,2026-01-28 20:00:00+00:00
NAS100,2026-01-28,D_FIRST_PULLBACK,2026-01-28 20:15:00+00:00,2026-01-28 20:30:00+00:00,26138.28,25873.41,26668.02,2.0,EOD,0.0,2026-01-28 23:45:00+00:00
NAS100,2026-01-29,D_FIRST_PULLBACK,2026-01-29 02:00:00+00:00,2026-01-29 02:15:00+00:00,26058.9,26026.65,26123.4,2.0,TP_HIT,2.0,2026-01-29 04:30:00+00:00
NAS100,2026-01-29,D_FIRST_PULLBACK,2026-01-29 05:00:00+00:00,2026-01-29 05:15:00+00:00,26141.77,26106.65,26212.01,2.0,SL_HIT,-1.0,2026-01-29 07:00:00+00:00
NAS100,2026-01-29,D_FIRST_PULLBACK,2026-01-29 07:15:00+00:00,2026-01-29 07:30:00+00:00,26147.45,26105.82,26230.71,2.0,SL_HIT,-1.0,2026-01-29 08:45:00+00:00
NAS100,2026-01-29,D_FIRST_PULLBACK,2026-01-29 09:15:00+00:00,2026-01-29 09:30:00+00:00,26107.2,26076.07,26169.46,2.0,SL_HIT,-1.0,2026-01-29 09:45:00+00:00
NAS100,2026-01-29,D_FIRST_PULLBACK,2026-01-29 10:45:00+00:00,2026-01-29 11:00:00+00:00,26079.32,26057.2,26123.56,2.0,SL_HIT,-1.0,2026-01-29 11:30:00+00:00
NAS100,2026-01-29,D_FIRST_PULLBACK,2026-01-29 12:30:00+00:00,2026-01-29 12:45:00+00:00,26075.57,26029.45,26167.81,2.0,SL_HIT,-1.0,2026-01-29 13:00:00+00:00
NAS100,2026-01-29,D_FIRST_PULLBACK,2026-01-29 15:00:00+00:00,2026-01-29 15:15:00+00:00,25541.2,25415.45,25792.7,2.0,TP_HIT,2.0,2026-01-29 19:30:00+00:00
NAS100,2026-01-29,D_FIRST_PULLBACK,2026-01-29 19:45:00+00:00,2026-01-29 20:00:00+00:00,25872.27,25725.32,26166.17,2.0,EOD,0.0,2026-01-29 23:45:00+00:00
NAS100,2026-01-30,D_FIRST_PULLBACK,2026-01-30 01:45:00+00:00,2026-01-30 02:00:00+00:00,25724.63,25615.76,25942.37,2.0,SL_HIT,-1.0,2026-01-30 06:30:00+00:00
NAS100,2026-01-30,D_FIRST_PULLBACK,2026-01-30 07:15:00+00:00,2026-01-30 07:30:00+00:00,25626.31,25561.68,25755.57,2.0,SL_HIT,-1.0,2026-01-30 08:45:00+00:00
NAS100,2026-01-30,D_FIRST_PULLBACK,2026-01-30 09:00:00+00:00,2026-01-30 09:15:00+00:00,25617.68,25529.31,25794.42,2.0,TP_HIT,2.0,2026-01-30 13:30:00+00:00
NAS100,2026-01-30,D_FIRST_PULLBACK,2026-01-30 15:30:00+00:00,2026-01-30 15:45:00+00:00,25714.68,25633.31,25877.42,2.0,SL_HIT,-1.0,2026-01-30 16:00:00+00:00
NAS100,2026-01-30,D_FIRST_PULLBACK,2026-01-30 16:15:00+00:00,2026-01-30 16:30:00+00:00,25659.18,25565.43,25846.68,2.0,SL_HIT,-1.0,2026-01-30 16:45:00+00:00
NAS100,2026-01-30,D_FIRST_PULLBACK,2026-01-30 19:30:00+00:00,2026-01-30 19:45:00+00:00,25527.93,25450.56,25682.67,2.0,EOD,0.0,2026-01-30 20:45:00+00:00
NAS100,2026-02-01,D_FIRST_PULLBACK,2026-02-01 23:15:00+00:00,2026-02-01 23:30:00+00:00,25501.54,25376.29,25752.04,2.0,EOD,0.0,2026-02-01 23:45:00+00:00
NAS100,2026-02-02,D_FIRST_PULLBACK,2026-02-02 03:15:00+00:00,2026-02-02 03:30:00+00:00,25198.54,25105.54,25384.54,2.0,SL_HIT,-1.0,2026-02-02 05:00:00+00:00
NAS100,2026-02-02,D_FIRST_PULLBACK,2026-02-02 08:15:00+00:00,2026-02-02 08:30:00+00:00,25326.34,25244.72,25489.58,2.0,TP_HIT,2.0,2026-02-02 13:30:00+00:00
NAS100,2026-02-02,D_FIRST_PULLBACK,2026-02-02 15:15:00+00:00,2026-02-02 15:30:00+00:00,25781.97,25692.72,25960.47,2.0,EOD,0.0,2026-02-02 23:45:00+00:00
NAS100,2026-02-03,D_FIRST_PULLBACK,2026-02-03 01:45:00+00:00,2026-02-03 02:00:00+00:00,25819.77,25792.39,25874.53,2.0,TP_HIT,2.0,2026-02-03 03:30:00+00:00
NAS100,2026-02-03,D_FIRST_PULLBACK,2026-02-03 06:30:00+00:00,2026-02-03 06:45:00+00:00,25902.69,25866.57,25974.93,2.0,SL_HIT,-1.0,2026-02-03 07:45:00+00:00
NAS100,2026-02-03,D_FIRST_PULLBACK,2026-02-03 11:15:00+00:00,2026-02-03 11:30:00+00:00,25877.82,25814.82,26003.82,2.0,SL_HIT,-1.0,2026-02-03 13:30:00+00:00
NAS100,2026-02-03,D_FIRST_PULLBACK,2026-02-03 16:45:00+00:00,2026-02-03 17:00:00+00:00,25276.57,25236.57,25356.57,2.0,SL_HIT,-1.0,2026-02-03 17:15:00+00:00
NAS100,2026-02-03,D_FIRST_PULLBACK,2026-02-03 18:00:00+00:00,2026-02-03 18:15:00+00:00,25214.44,25110.94,25421.44,2.0,EOD,0.0,2026-02-03 23:45:00+00:00
NAS100,2026-02-04,D_FIRST_PULLBACK,2026-02-04 01:00:00+00:00,2026-02-04 01:15:00+00:00,25350.25,25309.38,25431.99,2.0,SL_HIT,-1.0,2026-02-04 01:30:00+00:00
NAS100,2026-02-04,D_FIRST_PULLBACK,2026-02-04 02:00:00+00:00,2026-02-04 02:15:00+00:00,25318.25,25294.0,25366.75,2.0,TP_HIT,2.0,2026-02-04 05:30:00+00:00
NAS100,2026-02-04,D_FIRST_PULLBACK,2026-02-04 08:45:00+00:00,2026-02-04 09:00:00+00:00,25297.68,25250.18,25392.68,2.0,SL_HIT,-1.0,2026-02-04 12:45:00+00:00
NAS100,2026-02-04,D_FIRST_PULLBACK,2026-02-04 13:15:00+00:00,2026-02-04 13:30:00+00:00,25277.18,25220.3,25390.94,2.0,SL_HIT,-1.0,2026-02-04 13:45:00+00:00
NAS100,2026-02-04,D_FIRST_PULLBACK,2026-02-04 14:15:00+00:00,2026-02-04 14:30:00+00:00,25140.3,25003.93,25413.04,2.0,SL_HIT,-1.0,2026-02-04 15:00:00+00:00
NAS100,2026-02-04,D_FIRST_PULLBACK,2026-02-04 23:15:00+00:00,2026-02-04 23:30:00+00:00,25012.25,24929.37,25178.01,2.0,EOD,0.0,2026-02-04 23:45:00+00:00
NAS100,2026-02-05,D_FIRST_PULLBACK,2026-02-05 01:30:00+00:00,2026-02-05 01:45:00+00:00,24968.62,24858.37,25189.12,2.0,SL_HIT,-1.0,2026-02-05 02:00:00+00:00
NAS100,2026-02-05,D_FIRST_PULLBACK,2026-02-05 02:15:00+00:00,2026-02-05 02:30:00+00:00,24911.37,24847.37,25039.37,2.0,SL_HIT,-1.0,2026-02-05 02:45:00+00:00
NAS100,2026-02-05,D_FIRST_PULLBACK,2026-02-05 03:30:00+00:00,2026-02-05 03:45:00+00:00,24911.12,24813.75,25105.86,2.0,SL_HIT,-1.0,2026-02-05 11:15:00+00:00
NAS100,2026-02-05,D_FIRST_PULLBACK,2026-02-05 12:00:00+00:00,2026-02-05 12:15:00+00:00,24700.8,24606.42,24889.56,2.0,SL_HIT,-1.0,2026-02-05 13:30:00+00:00
NAS100,2026-02-05,D_FIRST_PULLBACK,2026-02-05 14:30:00+00:00,2026-02-05 14:45:00+00:00,24574.67,24449.17,24825.67,2.0,SL_HIT,-1.0,2026-02-05 15:00:00+00:00
NAS100,2026-02-05,D_FIRST_PULLBACK,2026-02-05 15:15:00+00:00,2026-02-05 15:30:00+00:00,24677.67,24443.67,25145.67,2.0,SL_HIT,-1.0,2026-02-05 20:15:00+00:00
NAS100,2026-02-05,D_FIRST_PULLBACK,2026-02-05 23:15:00+00:00,2026-02-05 23:30:00+00:00,24269.9,24142.52,24524.66,2.0,EOD,0.0,2026-02-05 23:45:00+00:00
NAS100,2026-02-06,D_FIRST_PULLBACK,2026-02-06 02:00:00+00:00,2026-02-06 02:15:00+00:00,24437.15,24412.15,24487.15,2.0,SL_HIT,-1.0,2026-02-06 02:30:00+00:00
NAS100,2026-02-06,D_FIRST_PULLBACK,2026-02-06 06:15:00+00:00,2026-02-06 06:30:00+00:00,24473.07,24407.95,24603.31,2.0,SL_HIT,-1.0,2026-02-06 07:00:00+00:00
NAS100,2026-02-06,D_FIRST_PULLBACK,2026-02-06 07:45:00+00:00,2026-02-06 08:00:00+00:00,24484.32,24430.7,24591.56,2.0,TP_HIT,2.0,2026-02-06 08:15:00+00:00
NAS100,2026-02-06,D_FIRST_PULLBACK,2026-02-06 09:45:00+00:00,2026-02-06 10:00:00+00:00,24693.2,24613.32,24852.96,2.0,SL_HIT,-1.0,2026-02-06 13:30:00+00:00
NAS100,2026-02-06,D_FIRST_PULLBACK,2026-02-06 14:15:00+00:00,2026-02-06 14:30:00+00:00,24803.95,24646.82,25118.21,2.0,TP_HIT,2.0,2026-02-06 19:45:00+00:00
NAS100,2026-02-08,D_FIRST_PULLBACK,2026-02-08 22:45:00+00:00,2026-02-08 23:00:00+00:00,25180.72,25132.22,25277.72,2.0,EOD,0.0,2026-02-08 23:45:00+00:00
NAS100,2026-02-09,D_FIRST_PULLBACK,2026-02-09 01:00:00+00:00,2026-02-09 01:15:00+00:00,25135.72,25105.84,25195.48,2.0,SL_HIT,-1.0,2026-02-09 02:30:00+00:00
NAS100,2026-02-09,D_FIRST_PULLBACK,2026-02-09 03:00:00+00:00,2026-02-09 03:15:00+00:00,25123.59,25097.47,25175.83,2.0,SL_HIT,-1.0,2026-02-09 03:45:00+00:00
NAS100,2026-02-09,D_FIRST_PULLBACK,2026-02-09 04:15:00+00:00,2026-02-09 04:30:00+00:00,25117.97,25085.72,25182.47,2.0,SL_HIT,-1.0,2026-02-09 05:00:00+00:00
NAS100,2026-02-09,D_FIRST_PULLBACK,2026-02-09 05:30:00+00:00,2026-02-09 05:45:00+00:00,25089.59,25067.72,25133.33,2.0,SL_HIT,-1.0,2026-02-09 06:00:00+00:00
NAS100,2026-02-09,D_FIRST_PULLBACK,2026-02-09 06:45:00+00:00,2026-02-09 07:00:00+00:00,25066.52,25029.64,25140.28,2.0,SL_HIT,-1.0,2026-02-09 08:30:00+00:00
NAS100,2026-02-09,D_FIRST_PULLBACK,2026-02-09 09:45:00+00:00,2026-02-09 10:00:00+00:00,24953.14,24876.77,25105.88,2.0,SL_HIT,-1.0,2026-02-09 13:30:00+00:00
NAS100,2026-02-09,D_FIRST_PULLBACK,2026-02-09 17:30:00+00:00,2026-02-09 17:45:00+00:00,25289.14,25221.14,25425.14,2.0,EOD,0.0,2026-02-09 23:45:00+00:00
NAS100,2026-02-10,D_FIRST_PULLBACK,2026-02-10 00:45:00+00:00,2026-02-10 01:00:00+00:00,25245.8,25211.3,25314.8,2.0,SL_HIT,-1.0,2026-02-10 01:30:00+00:00
NAS100,2026-02-10,D_FIRST_PULLBACK,2026-02-10 04:30:00+00:00,2026-02-10 04:45:00+00:00,25248.3,25222.68,25299.54,2.0,SL_HIT,-1.0,2026-02-10 05:15:00+00:00
NAS100,2026-02-10,D_FIRST_PULLBACK,2026-02-10 06:00:00+00:00,2026-02-10 06:15:00+00:00,25234.35,25203.05,25296.95,2.0,TP_HIT,2.0,2026-02-10 08:15:00+00:00
NAS100,2026-02-10,D_FIRST_PULLBACK,2026-02-10 12:45:00+00:00,2026-02-10 13:00:00+00:00,25283.23,25212.98,25423.73,2.0,SL_HIT,-1.0,2026-02-10 13:30:00+00:00
NAS100,2026-02-10,D_FIRST_PULLBACK,2026-02-10 13:45:00+00:00,2026-02-10 14:00:00+00:00,25303.1,25167.23,25574.84,2.0,SL_HIT,-1.0,2026-02-10 19:00:00+00:00
NAS100,2026-02-10,D_FIRST_PULLBACK,2026-02-10 23:30:00+00:00,2026-02-10 23:45:00+00:00,25202.7,25180.2,25247.7,2.0,EOD,0.0,
NAS100,2026-02-11,D_FIRST_PULLBACK,2026-02-11 02:30:00+00:00,2026-02-11 02:45:00+00:00,25247.08,25216.7,25307.84,2.0,SL_HIT,-1.0,2026-02-11 03:30:00+00:00
NAS100,2026-02-11,D_FIRST_PULLBACK,2026-02-11 06:15:00+00:00,2026-02-11 06:30:00+00:00,25198.25,25166.88,25260.99,2.0,SL_HIT,-1.0,2026-02-11 07:00:00+00:00
NAS100,2026-02-11,D_FIRST_PULLBACK,2026-02-11 07:30:00+00:00,2026-02-11 07:45:00+00:00,25171.63,25123.75,25267.39,2.0,SL_HIT,-1.0,2026-02-11 08:30:00+00:00
NAS100,2026-02-11,D_FIRST_PULLBACK,2026-02-11 10:00:00+00:00,2026-02-11 10:15:00+00:00,25130.5,25080.38,25230.74,2.0,TP_HIT,2.0,2026-02-11 12:30:00+00:00
NAS100,2026-02-11,D_FIRST_PULLBACK,2026-02-11 16:15:00+00:00,2026-02-11 16:30:00+00:00,25203.5,25055.88,25498.74,2.0,EOD,0.0,2026-02-11 23:45:00+00:00
NAS100,2026-02-12,D_FIRST_PULLBACK,2026-02-12 02:00:00+00:00,2026-02-12 02:15:00+00:00,25214.93,25186.18,25272.43,2.0,TP_HIT,2.0,2026-02-12 06:15:00+00:00
NAS100,2026-02-12,D_FIRST_PULLBACK,2026-02-12 07:45:00+00:00,2026-02-12 08:00:00+00:00,25270.23,25241.73,25327.23,2.0,SL_HIT,-1.0,2026-02-12 12:15:00+00:00
NAS100,2026-02-12,D_FIRST_PULLBACK,2026-02-12 12:30:00+00:00,2026-02-12 12:45:00+00:00,25328.48,25237.48,25510.48,2.0,SL_HIT,-1.0,2026-02-12 13:30:00+00:00
NAS100,2026-02-12,D_FIRST_PULLBACK,2026-02-12 16:15:00+00:00,2026-02-12 16:30:00+00:00,24785.73,24750.48,24856.23,2.0,SL_HIT,-1.0,2026-02-12 16:45:00+00:00
NAS100,2026-02-12,D_FIRST_PULLBACK,2026-02-12 18:15:00+00:00,2026-02-12 18:30:00+00:00,24788.1,24763.1,24838.1,2.0,TP_HIT,2.0,2026-02-12 18:45:00+00:00
NAS100,2026-02-12,D_FIRST_PULLBACK,2026-02-12 22:00:00+00:00,2026-02-12 22:15:00+00:00,24752.61,24722.61,24812.61,2.0,SL_HIT,-1.0,2026-02-12 22:30:00+00:00
NAS100,2026-02-13,D_FIRST_PULLBACK,2026-02-13 01:00:00+00:00,2026-02-13 01:15:00+00:00,24735.98,24681.73,24844.48,2.0,SL_HIT,-1.0,2026-02-13 02:45:00+00:00
NAS100,2026-02-13,D_FIRST_PULLBACK,2026-02-13 03:15:00+00:00,2026-02-13 03:30:00+00:00,24700.86,24662.23,24778.12,2.0,SL_HIT,-1.0,2026-02-13 04:15:00+00:00
NAS100,2026-02-13,D_FIRST_PULLBACK,2026-02-13 05:45:00+00:00,2026-02-13 06:00:00+00:00,24630.11,24560.61,24769.11,2.0,SL_HIT,-1.0,2026-02-13 10:30:00+00:00
NAS100,2026-02-13,D_FIRST_PULLBACK,2026-02-13 10:45:00+00:00,2026-02-13 11:00:00+00:00,24638.28,24543.03,24828.78,2.0,SL_HIT,-1.0,2026-02-13 12:00:00+00:00
NAS100,2026-02-13,D_FIRST_PULLBACK,2026-02-13 12:30:00+00:00,2026-02-13 12:45:00+00:00,24691.78,24538.16,24999.02,2.0,SL_HIT,-1.0,2026-02-13 13:30:00+00:00
NAS100,2026-02-13,D_FIRST_PULLBACK,2026-02-13 15:00:00+00:00,2026-02-13 15:15:00+00:00,24757.28,24637.91,24996.02,2.0,EOD,0.0,2026-02-13 20:45:00+00:00
NAS100,2026-02-15,B_FLAT_TOP,2026-02-15 23:00:00+00:00,2026-02-15 23:00:00+00:00,24767.32,24635.89155,25030.1769,2.0,EOD,0.0,2026-02-15 23:45:00+00:00
NAS100,2026-02-16,B_FLAT_TOP,2026-02-16 00:45:00+00:00,2026-02-16 00:45:00+00:00,24786.82,24649.20465,25062.0507,2.0,SL_HIT,-1.0,2026-02-16 13:30:00+00:00
NAS100,2026-02-16,D_FIRST_PULLBACK,2026-02-16 13:45:00+00:00,2026-02-16 14:00:00+00:00,24696.74,24619.12,24851.98,2.0,SL_HIT,-1.0,2026-02-16 14:30:00+00:00
NAS100,2026-02-16,D_FIRST_PULLBACK,2026-02-16 15:00:00+00:00,2026-02-16 15:15:00+00:00,24677.74,24605.74,24821.74,2.0,SL_HIT,-1.0,2026-02-16 15:30:00+00:00
NAS100,2026-02-16,D_FIRST_PULLBACK,2026-02-16 22:15:00+00:00,2026-02-16 22:30:00+00:00,24706.02,24668.02,24782.02,2.0,EOD,0.0,2026-02-16 23:45:00+00:00
NAS100,2026-02-17,D_FIRST_PULLBACK,2026-02-17 01:15:00+00:00,2026-02-17 01:30:00+00:00,24603.65,24546.52,24717.91,2.0,SL_HIT,-1.0,2026-02-17 02:00:00+00:00
NAS100,2026-02-17,D_FIRST_PULLBACK,2026-02-17 05:45:00+00:00,2026-02-17 06:00:00+00:00,24557.77,24531.02,24611.27,2.0,SL_HIT,-1.0,2026-02-17 06:15:00+00:00
NAS100,2026-02-17,D_FIRST_PULLBACK,2026-02-17 06:30:00+00:00,2026-02-17 06:45:00+00:00,24556.07,24513.2,24641.81,2.0,TP_HIT,2.0,2026-02-17 07:00:00+00:00
NAS100,2026-02-17,D_FIRST_PULLBACK,2026-02-17 12:15:00+00:00,2026-02-17 12:30:00+00:00,24534.2,24447.32,24707.96,2.0,TP_HIT,2.0,2026-02-17 13:30:00+00:00
NAS100,2026-02-17,D_FIRST_PULLBACK,2026-02-17 14:15:00+00:00,2026-02-17 14:30:00+00:00,24451.7,24392.45,24570.2,2.0,TP_HIT,2.0,2026-02-17 15:00:00+00:00
NAS100,2026-02-17,D_FIRST_PULLBACK,2026-02-17 15:45:00+00:00,2026-02-17 16:00:00+00:00,24687.95,24622.45,24818.95,2.0,SL_HIT,-1.0,2026-02-17 16:15:00+00:00
NAS100,2026-02-17,D_FIRST_PULLBACK,2026-02-17 23:00:00+00:00,2026-02-17 23:15:00+00:00,24678.04,24634.04,24766.04,2.0,EOD,0.0,2026-02-17 23:45:00+00:00
NAS100,2026-02-18,D_FIRST_PULLBACK,2026-02-18 00:45:00+00:00,2026-02-18 01:00:00+00:00,24675.79,24642.29,24742.79,2.0,TP_HIT,2.0,2026-02-18 03:00:00+00:00
NAS100,2026-02-18,D_FIRST_PULLBACK,2026-02-18 06:30:00+00:00,2026-02-18 06:45:00+00:00,24770.84,24733.84,24844.84,2.0,TP_HIT,2.0,2026-02-18 07:15:00+00:00
NAS100,2026-02-18,D_FIRST_PULLBACK,2026-02-18 08:00:00+00:00,2026-02-18 08:15:00+00:00,24846.46,24821.71,24895.96,2.0,SL_HIT,-1.0,2026-02-18 10:30:00+00:00
NAS100,2026-02-18,D_FIRST_PULLBACK,2026-02-18 13:45:00+00:00,2026-02-18 14:00:00+00:00,24872.59,24683.71,25250.35,2.0,EOD,0.0,2026-02-18 23:45:00+00:00
NAS100,2026-02-19,D_FIRST_PULLBACK,2026-02-19 00:45:00+00:00,2026-02-19 01:00:00+00:00,24903.83,24868.7,24974.09,2.0,TP_HIT,2.0,2026-02-19 06:15:00+00:00
NAS100,2026-02-19,D_FIRST_PULLBACK,2026-02-19 07:15:00+00:00,2026-02-19 07:30:00+00:00,24970.13,24943.13,25024.13,2.0,SL_HIT,-1.0,2026-02-19 07:45:00+00:00
NAS100,2026-02-19,D_FIRST_PULLBACK,2026-02-19 10:15:00+00:00,2026-02-19 10:30:00+00:00,24804.5,24767.25,24879.0,2.0,SL_HIT,-1.0,2026-02-19 11:00:00+00:00
NAS100,2026-02-19,D_FIRST_PULLBACK,2026-02-19 11:15:00+00:00,2026-02-19 11:30:00+00:00,24811.0,24745.75,24941.5,2.0,SL_HIT,-1.0,2026-02-19 12:15:00+00:00
NAS100,2026-02-19,D_FIRST_PULLBACK,2026-02-19 12:30:00+00:00,2026-02-19 12:45:00+00:00,24779.75,24729.0,24881.25,2.0,SL_HIT,-1.0,2026-02-19 13:30:00+00:00
NAS100,2026-02-19,D_FIRST_PULLBACK,2026-02-19 13:45:00+00:00,2026-02-19 14:00:00+00:00,24811.5,24694.13,25046.24,2.0,SL_HIT,-1.0,2026-02-19 17:15:00+00:00
NAS100,2026-02-19,D_FIRST_PULLBACK,2026-02-19 19:00:00+00:00,2026-02-19 19:15:00+00:00,24726.63,24682.75,24814.39,2.0,TP_HIT,2.0,2026-02-19 22:30:00+00:00
NAS100,2026-02-19,D_FIRST_PULLBACK,2026-02-19 23:15:00+00:00,2026-02-19 23:30:00+00:00,24823.67,24792.3,24886.41,2.0,EOD,0.0,2026-02-19 23:45:00+00:00
NAS100,2026-02-20,D_FIRST_PULLBACK,2026-02-20 02:00:00+00:00,2026-02-20 02:15:00+00:00,24838.3,24812.42,24890.06,2.0,TP_HIT,2.0,2026-02-20 08:00:00+00:00
NAS100,2026-02-20,D_FIRST_PULLBACK,2026-02-20 11:45:00+00:00,2026-02-20 12:00:00+00:00,24761.97,24724.47,24836.97,2.0,SL_HIT,-1.0,2026-02-20 12:30:00+00:00
NAS100,2026-02-20,D_FIRST_PULLBACK,2026-02-20 13:30:00+00:00,2026-02-20 13:45:00+00:00,24859.6,24613.6,25351.6,2.0,EOD,0.0,2026-02-20 20:45:00+00:00
NAS100,2026-02-23,D_FIRST_PULLBACK,2026-02-23 01:30:00+00:00,2026-02-23 01:45:00+00:00,24782.46,24753.96,24839.46,2.0,SL_HIT,-1.0,2026-02-23 04:15:00+00:00
NAS100,2026-02-23,D_FIRST_PULLBACK,2026-02-23 04:30:00+00:00,2026-02-23 04:45:00+00:00,24777.84,24750.71,24832.1,2.0,TP_HIT,2.0,2026-02-23 06:00:00+00:00
NAS100,2026-02-23,D_FIRST_PULLBACK,2026-02-23 07:45:00+00:00,2026-02-23 08:00:00+00:00,24872.64,24821.14,24975.64,2.0,TP_HIT,2.0,2026-02-23 13:30:00+00:00
NAS100,2026-02-23,D_FIRST_PULLBACK,2026-02-23 15:15:00+00:00,2026-02-23 15:30:00+00:00,24720.26,24611.26,24938.26,2.0,EOD,0.0,2026-02-23 23:45:00+00:00
NAS100,2026-02-24,D_FIRST_PULLBACK,2026-02-24 08:00:00+00:00,2026-02-24 08:15:00+00:00,24783.37,24707.25,24935.61,2.0,SL_HIT,-1.0,2026-02-24 13:30:00+00:00
NAS100,2026-02-24,D_FIRST_PULLBACK,2026-02-24 14:15:00+00:00,2026-02-24 14:30:00+00:00,24956.5,24766.12,25337.26,2.0,EOD,0.0,2026-02-24 23:45:00+00:00
NAS100,2026-02-25,D_FIRST_PULLBACK,2026-02-25 02:45:00+00:00,2026-02-25 03:00:00+00:00,25016.36,24949.24,25150.6,2.0,TP_HIT,2.0,2026-02-25 13:30:00+00:00
NAS100,2026-02-25,D_FIRST_PULLBACK,2026-02-25 15:30:00+00:00,2026-02-25 16:00:00+00:00,25280.16,25232.66,25375.16,2.0,TP_HIT,2.0,2026-02-25 20:30:00+00:00
NAS100,2026-02-26,D_FIRST_PULLBACK,2026-02-26 00:45:00+00:00,2026-02-26 01:00:00+00:00,25267.59,25217.21,25368.35,2.0,SL_HIT,-1.0,2026-02-26 13:30:00+00:00
NAS100,2026-02-26,D_FIRST_PULLBACK,2026-02-26 14:45:00+00:00,2026-02-26 15:00:00+00:00,24951.26,24814.89,25224.0,2.0,EOD,0.0,2026-02-26 23:45:00+00:00
NAS100,2026-02-27,D_FIRST_PULLBACK,2026-02-27 01:00:00+00:00,2026-02-27 01:15:00+00:00,24950.3,24923.05,25004.8,2.0,TP_HIT,2.0,2026-02-27 04:15:00+00:00
NAS100,2026-02-27,D_FIRST_PULLBACK,2026-02-27 05:30:00+00:00,2026-02-27 05:45:00+00:00,24984.8,24944.43,25065.54,2.0,SL_HIT,-1.0,2026-02-27 09:00:00+00:00
NAS100,2026-02-27,D_FIRST_PULLBACK,2026-02-27 13:30:00+00:00,2026-02-27 13:45:00+00:00,24797.1,24735.1,24921.1,2.0,TP_HIT,2.0,2026-02-27 14:00:00+00:00
NAS100,2026-02-27,D_FIRST_PULLBACK,2026-02-27 15:00:00+00:00,2026-02-27 15:15:00+00:00,24940.73,24876.35,25069.49,2.0,SL_HIT,-1.0,2026-02-27 16:15:00+00:00
NAS100,2026-02-27,D_FIRST_PULLBACK,2026-02-27 17:30:00+00:00,2026-02-27 17:45:00+00:00,24864.6,24827.35,24939.1,2.0,SL_HIT,-1.0,2026-02-27 18:30:00+00:00
NAS100,2026-02-27,D_FIRST_PULLBACK,2026-02-27 19:45:00+00:00,2026-02-27 20:00:00+00:00,24950.68,24874.6,25102.84,2.0,EOD,0.0,2026-02-27 20:45:00+00:00
NAS100,2026-03-02,D_FIRST_PULLBACK,2026-03-02 01:30:00+00:00,2026-03-02 01:45:00+00:00,24798.67,24765.67,24864.67,2.0,SL_HIT,-1.0,2026-03-02 02:00:00+00:00
NAS100,2026-03-02,D_FIRST_PULLBACK,2026-03-02 03:15:00+00:00,2026-03-02 03:30:00+00:00,24760.79,24702.92,24876.53,2.0,SL_HIT,-1.0,2026-03-02 04:00:00+00:00
NAS100,2026-03-02,D_FIRST_PULLBACK,2026-03-02 07:30:00+00:00,2026-03-02 07:45:00+00:00,24516.47,24438.97,24671.47,2.0,TP_HIT,2.0,2026-03-02 10:45:00+00:00
NAS100,2026-03-02,D_FIRST_PULLBACK,2026-03-02 13:45:00+00:00,2026-03-02 14:00:00+00:00,24817.09,24569.22,25312.83,2.0,EOD,0.0,2026-03-02 23:45:00+00:00
NAS100,2026-03-03,D_FIRST_PULLBACK,2026-03-03 01:30:00+00:00,2026-03-03 01:45:00+00:00,24825.27,24772.89,24930.03,2.0,SL_HIT,-1.0,2026-03-03 02:30:00+00:00
NAS100,2026-03-03,D_FIRST_PULLBACK,2026-03-03 05:15:00+00:00,2026-03-03 05:30:00+00:00,24758.27,24704.39,24866.03,2.0,SL_HIT,-1.0,2026-03-03 05:45:00+00:00
NAS100,2026-03-03,D_FIRST_PULLBACK,2026-03-03 08:00:00+00:00,2026-03-03 08:15:00+00:00,24522.44,24469.44,24628.44,2.0,SL_HIT,-1.0,2026-03-03 08:30:00+00:00
NAS100,2026-03-03,D_FIRST_PULLBACK,2026-03-03 10:30:00+00:00,2026-03-03 10:45:00+00:00,24462.07,24334.82,24716.57,2.0,SL_HIT,-1.0,2026-03-03 14:15:00+00:00
NAS100,2026-03-03,D_FIRST_PULLBACK,2026-03-03 15:45:00+00:00,2026-03-03 16:00:00+00:00,24634.69,24527.57,24848.93,2.0,EOD,0.0,2026-03-03 23:45:00+00:00
NAS100,2026-03-04,D_FIRST_PULLBACK,2026-03-04 01:45:00+00:00,2026-03-04 02:00:00+00:00,24603.63,24555.63,24699.63,2.0,SL_HIT,-1.0,2026-03-04 02:15:00+00:00
NAS100,2026-03-04,D_FIRST_PULLBACK,2026-03-04 02:45:00+00:00,2026-03-04 03:00:00+00:00,24565.63,24491.38,24714.13,2.0,SL_HIT,-1.0,2026-03-04 05:00:00+00:00
NAS100,2026-03-04,D_FIRST_PULLBACK,2026-03-04 05:30:00+00:00,2026-03-04 05:45:00+00:00,24538.75,24465.63,24684.99,2.0,TP_HIT,2.0,2026-03-04 08:15:00+00:00
NAS100,2026-03-04,D_FIRST_PULLBACK,2026-03-04 11:00:00+00:00,2026-03-04 11:15:00+00:00,24795.3,24767.68,24850.54,2.0,SL_HIT,-1.0,2026-03-04 11:30:00+00:00
NAS100,2026-03-04,D_FIRST_PULLBACK,2026-03-04 11:45:00+00:00,2026-03-04 12:00:00+00:00,24765.05,24686.68,24921.79,2.0,TP_HIT,2.0,2026-03-04 13:30:00+00:00
NAS100,2026-03-04,D_FIRST_PULLBACK,2026-03-04 14:00:00+00:00,2026-03-04 14:15:00+00:00,24945.43,24793.55,25249.19,2.0,EOD,0.0,2026-03-04 23:45:00+00:00
NAS100,2026-03-05,D_FIRST_PULLBACK,2026-03-05 01:30:00+00:00,2026-03-05 01:45:00+00:00,25054.71,25017.71,25128.71,2.0,SL_HIT,-1.0,2026-03-05 02:15:00+00:00
NAS100,2026-03-05,D_FIRST_PULLBACK,2026-03-05 02:45:00+00:00,2026-03-05 03:00:00+00:00,25014.96,24993.21,25058.46,2.0,TP_HIT,2.0,2026-03-05 03:30:00+00:00
NAS100,2026-03-05,D_FIRST_PULLBACK,2026-03-05 07:45:00+00:00,2026-03-05 08:00:00+00:00,25018.26,24941.14,25172.5,2.0,SL_HIT,-1.0,2026-03-05 13:15:00+00:00
NAS100,2026-03-05,D_FIRST_PULLBACK,2026-03-05 13:30:00+00:00,2026-03-05 13:45:00+00:00,25026.76,24930.39,25219.5,2.0,SL_HIT,-1.0,2026-03-05 14:30:00+00:00
NAS100,2026-03-05,D_FIRST_PULLBACK,2026-03-05 14:45:00+00:00,2026-03-05 15:00:00+00:00,25049.51,24899.01,25350.51,2.0,SL_HIT,-1.0,2026-03-05 16:15:00+00:00
NAS100,2026-03-05,D_FIRST_PULLBACK,2026-03-05 17:00:00+00:00,2026-03-05 17:15:00+00:00,24844.14,24757.64,25017.14,2.0,SL_HIT,-1.0,2026-03-05 17:30:00+00:00
NAS100,2026-03-05,D_FIRST_PULLBACK,2026-03-05 18:45:00+00:00,2026-03-05 19:00:00+00:00,24825.64,24760.64,24955.64,2.0,TP_HIT,2.0,2026-03-05 19:15:00+00:00
NAS100,2026-03-05,D_FIRST_PULLBACK,2026-03-05 22:00:00+00:00,2026-03-05 22:15:00+00:00,25003.99,24967.84,25076.29,2.0,EOD,0.0,2026-03-05 23:45:00+00:00
NAS100,2026-03-06,D_FIRST_PULLBACK,2026-03-06 01:00:00+00:00,2026-03-06 01:15:00+00:00,25069.37,25008.24,25191.63,2.0,SL_HIT,-1.0,2026-03-06 07:15:00+00:00
NAS100,2026-03-06,D_FIRST_PULLBACK,2026-03-06 09:00:00+00:00,2026-03-06 09:15:00+00:00,24914.67,24849.29,25045.43,2.0,SL_HIT,-1.0,2026-03-06 10:30:00+00:00
NAS100,2026-03-06,D_FIRST_PULLBACK,2026-03-06 12:00:00+00:00,2026-03-06 12:15:00+00:00,24816.29,24772.79,24903.29,2.0,SL_HIT,-1.0,2026-03-06 12:30:00+00:00
NAS100,2026-03-06,D_FIRST_PULLBACK,2026-03-06 13:15:00+00:00,2026-03-06 13:30:00+00:00,24654.42,24579.79,24803.68,2.0,TP_HIT,2.0,2026-03-06 14:30:00+00:00
NAS100,2026-03-06,D_FIRST_PULLBACK,2026-03-06 15:30:00+00:00,2026-03-06 15:45:00+00:00,24816.92,24759.17,24932.42,2.0,SL_HIT,-1.0,2026-03-06 16:30:00+00:00
NAS100,2026-03-06,D_FIRST_PULLBACK,2026-03-06 16:45:00+00:00,2026-03-06 17:00:00+00:00,24751.42,24711.42,24831.42,2.0,TP_HIT,2.0,2026-03-06 17:15:00+00:00
NAS100,2026-03-06,D_FIRST_PULLBACK,2026-03-06 18:00:00+00:00,2026-03-06 18:15:00+00:00,24807.92,24757.42,24908.92,2.0,SL_HIT,-1.0,2026-03-06 18:30:00+00:00
NAS100,2026-03-09,D_FIRST_PULLBACK,2026-03-09 02:30:00+00:00,2026-03-09 02:45:00+00:00,24057.31,23975.43,24221.07,2.0,TP_HIT,2.0,2026-03-09 05:45:00+00:00
NAS100,2026-03-09,D_FIRST_PULLBACK,2026-03-09 07:00:00+00:00,2026-03-09 07:15:00+00:00,24241.98,24185.61,24354.72,2.0,TP_HIT,2.0,2026-03-09 09:15:00+00:00
NAS100,2026-03-09,D_FIRST_PULLBACK,2026-03-09 11:00:00+00:00,2026-03-09 11:15:00+00:00,24354.23,24322.48,24417.73,2.0,TP_HIT,2.0,2026-03-09 12:15:00+00:00
NAS100,2026-03-09,D_FIRST_PULLBACK,2026-03-09 13:00:00+00:00,2026-03-09 13:15:00+00:00,24409.11,24325.61,24576.11,2.0,SL_HIT,-1.0,2026-03-09 13:45:00+00:00
NAS100,2026-03-09,D_FIRST_PULLBACK,2026-03-09 17:45:00+00:00,2026-03-09 18:00:00+00:00,24588.11,24551.36,24661.61,2.0,TP_HIT,2.0,2026-03-09 18:30:00+00:00
NAS100,2026-03-09,D_FIRST_PULLBACK,2026-03-09 19:15:00+00:00,2026-03-09 19:30:00+00:00,24926.86,24616.73,25547.12,2.0,EOD,0.0,2026-03-09 23:45:00+00:00
NAS100,2026-03-10,D_FIRST_PULLBACK,2026-03-10 07:00:00+00:00,2026-03-10 07:15:00+00:00,24967.52,24917.89,25066.78,2.0,TP_HIT,2.0,2026-03-10 08:00:00+00:00
NAS100,2026-03-10,D_FIRST_PULLBACK,2026-03-10 12:45:00+00:00,2026-03-10 13:00:00+00:00,24946.77,24870.52,25099.27,2.0,TP_HIT,2.0,2026-03-10 14:45:00+00:00
NAS100,2026-03-10,D_FIRST_PULLBACK,2026-03-10 16:15:00+00:00,2026-03-10 16:30:00+00:00,25111.52,25058.39,25217.78,2.0,SL_HIT,-1.0,2026-03-10 18:00:00+00:00
NAS100,2026-03-10,D_FIRST_PULLBACK,2026-03-10 20:00:00+00:00,2026-03-10 20:15:00+00:00,25011.47,24918.64,25197.13,2.0,EOD,0.0,2026-03-10 23:45:00+00:00
NAS100,2026-03-11,D_FIRST_PULLBACK,2026-03-11 01:00:00+00:00,2026-03-11 01:15:00+00:00,25055.99,25031.24,25105.49,2.0,SL_HIT,-1.0,2026-03-11 05:30:00+00:00
NAS100,2026-03-11,D_FIRST_PULLBACK,2026-03-11 06:30:00+00:00,2026-03-11 06:45:00+00:00,25028.29,24987.92,25109.03,2.0,SL_HIT,-1.0,2026-03-11 07:15:00+00:00
NAS100,2026-03-11,D_FIRST_PULLBACK,2026-03-11 10:00:00+00:00,2026-03-11 10:15:00+00:00,24953.54,24875.42,25109.78,2.0,TP_HIT,2.0,2026-03-11 14:00:00+00:00
NAS100,2026-03-11,D_FIRST_PULLBACK,2026-03-11 14:45:00+00:00,2026-03-11 15:00:00+00:00,25044.79,24938.67,25257.03,2.0,SL_HIT,-1.0,2026-03-11 15:15:00+00:00
NAS100,2026-03-11,D_FIRST_PULLBACK,2026-03-11 19:30:00+00:00,2026-03-11 19:45:00+00:00,24956.17,24893.29,25081.93,2.0,SL_HIT,-1.0,2026-03-11 22:00:00+00:00
NAS100,2026-03-12,D_FIRST_PULLBACK,2026-03-12 01:15:00+00:00,2026-03-12 01:30:00+00:00,24801.26,24752.88,24898.02,2.0,SL_HIT,-1.0,2026-03-12 02:15:00+00:00
NAS100,2026-03-12,D_FIRST_PULLBACK,2026-03-12 03:45:00+00:00,2026-03-12 04:00:00+00:00,24712.01,24679.51,24777.01,2.0,TP_HIT,2.0,2026-03-12 06:30:00+00:00
NAS100,2026-03-12,D_FIRST_PULLBACK,2026-03-12 07:45:00+00:00,2026-03-12 08:00:00+00:00,24853.81,24791.68,24978.07,2.0,SL_HIT,-1.0,2026-03-12 12:30:00+00:00
NAS100,2026-03-12,D_FIRST_PULLBACK,2026-03-12 15:15:00+00:00,2026-03-12 15:30:00+00:00,24600.31,24543.93,24713.07,2.0,TP_HIT,2.0,2026-03-12 16:15:00+00:00
NAS100,2026-03-12,D_FIRST_PULLBACK,2026-03-12 18:00:00+00:00,2026-03-12 18:15:00+00:00,24640.06,24568.56,24783.06,2.0,SL_HIT,-1.0,2026-03-12 19:00:00+00:00
NAS100,2026-03-12,D_FIRST_PULLBACK,2026-03-12 19:15:00+00:00,2026-03-12 19:30:00+00:00,24598.43,24552.93,24689.43,2.0,SL_HIT,-1.0,2026-03-12 19:45:00+00:00
NAS100,2026-03-13,D_FIRST_PULLBACK,2026-03-13 01:00:00+00:00,2026-03-13 01:15:00+00:00,24629.11,24588.24,24710.85,2.0,SL_HIT,-1.0,2026-03-13 02:30:00+00:00
NAS100,2026-03-13,D_FIRST_PULLBACK,2026-03-13 03:30:00+00:00,2026-03-13 03:45:00+00:00,24591.61,24565.11,24644.61,2.0,SL_HIT,-1.0,2026-03-13 04:15:00+00:00
NAS100,2026-03-13,D_FIRST_PULLBACK,2026-03-13 07:30:00+00:00,2026-03-13 07:45:00+00:00,24443.54,24393.41,24543.8,2.0,SL_HIT,-1.0,2026-03-13 08:00:00+00:00
NAS100,2026-03-13,D_FIRST_PULLBACK,2026-03-13 09:45:00+00:00,2026-03-13 10:00:00+00:00,24514.16,24493.29,24555.9,2.0,TP_HIT,2.0,2026-03-13 10:15:00+00:00
NAS100,2026-03-13,D_FIRST_PULLBACK,2026-03-13 10:45:00+00:00,2026-03-13 11:00:00+00:00,24601.16,24551.41,24700.66,2.0,TP_HIT,2.0,2026-03-13 12:45:00+00:00
NAS100,2026-03-13,D_FIRST_PULLBACK,2026-03-13 13:30:00+00:00,2026-03-13 13:45:00+00:00,24752.29,24595.04,25066.79,2.0,SL_HIT,-1.0,2026-03-13 14:30:00+00:00
NAS100,2026-03-13,D_FIRST_PULLBACK,2026-03-13 16:00:00+00:00,2026-03-13 16:15:00+00:00,24419.04,24376.41,24504.3,2.0,SL_HIT,-1.0,2026-03-13 16:45:00+00:00
NAS100,2026-03-13,D_FIRST_PULLBACK,2026-03-13 18:30:00+00:00,2026-03-13 18:45:00+00:00,24441.04,24351.29,24620.54,2.0,SL_HIT,-1.0,2026-03-13 19:15:00+00:00
NAS100,2026-03-13,D_FIRST_PULLBACK,2026-03-13 19:45:00+00:00,2026-03-13 20:00:00+00:00,24380.99,24334.04,24474.89,2.0,SL_HIT,-1.0,2026-03-13 20:45:00+00:00
NAS100,2026-03-15,B_FLAT_TOP,2026-03-15 22:45:00+00:00,2026-03-15 22:45:00+00:00,24457.94,24272.09965,24829.6207,2.0,EOD,0.0,2026-03-15 23:45:00+00:00
NAS100,2026-03-16,D_FIRST_PULLBACK,2026-03-16 00:45:00+00:00,2026-03-16 01:00:00+00:00,24502.07,24477.32,24551.57,2.0,SL_HIT,-1.0,2026-03-16 01:30:00+00:00
NAS100,2026-03-16,D_FIRST_PULLBACK,2026-03-16 01:45:00+00:00,2026-03-16 02:00:00+00:00,24506.57,24460.94,24597.83,2.0,TP_HIT,2.0,2026-03-16 10:45:00+00:00
NAS100,2026-03-16,D_FIRST_PULLBACK,2026-03-16 11:30:00+00:00,2026-03-16 11:45:00+00:00,24621.49,24568.24,24727.99,2.0,TP_HIT,2.0,2026-03-16 13:45:00+00:00
NAS100,2026-03-16,D_FIRST_PULLBACK,2026-03-16 15:00:00+00:00,2026-03-16 15:15:00+00:00,24692.87,24603.74,24871.13,2.0,EOD,0.0,2026-03-16 23:45:00+00:00
NAS100,2026-03-17,D_FIRST_PULLBACK,2026-03-17 01:00:00+00:00,2026-03-17 01:15:00+00:00,24610.75,24584.62,24663.01,2.0,SL_HIT,-1.0,2026-03-17 02:45:00+00:00
NAS100,2026-03-17,D_FIRST_PULLBACK,2026-03-17 06:15:00+00:00,2026-03-17 06:30:00+00:00,24547.67,24511.92,24619.17,2.0,TP_HIT,2.0,2026-03-17 09:15:00+00:00
NAS100,2026-03-17,D_FIRST_PULLBACK,2026-03-17 10:30:00+00:00,2026-03-17 10:45:00+00:00,24599.55,24574.05,24650.55,2.0,TP_HIT,2.0,2026-03-17 12:00:00+00:00
NAS100,2026-03-17,D_FIRST_PULLBACK,2026-03-17 13:45:00+00:00,2026-03-17 14:00:00+00:00,24867.55,24741.05,25120.55,2.0,SL_HIT,-1.0,2026-03-17 15:30:00+00:00
NAS100,2026-03-17,D_FIRST_PULLBACK,2026-03-17 16:15:00+00:00,2026-03-17 16:30:00+00:00,24787.92,24724.8,24914.16,2.0,EOD,0.0,2026-03-17 23:45:00+00:00
NAS100,2026-03-18,D_FIRST_PULLBACK,2026-03-18 02:00:00+00:00,2026-03-18 02:15:00+00:00,24883.41,24857.54,24935.15,2.0,TP_HIT,2.0,2026-03-18 05:15:00+00:00
NAS100,2026-03-18,D_FIRST_PULLBACK,2026-03-18 08:00:00+00:00,2026-03-18 08:15:00+00:00,24956.21,24934.59,24999.45,2.0,SL_HIT,-1.0,2026-03-18 08:30:00+00:00
NAS100,2026-03-18,D_FIRST_PULLBACK,2026-03-18 09:15:00+00:00,2026-03-18 09:30:00+00:00,24961.84,24935.34,25014.84,2.0,SL_HIT,-1.0,2026-03-18 11:00:00+00:00
NAS100,2026-03-18,D_FIRST_PULLBACK,2026-03-18 13:15:00+00:00,2026-03-18 13:30:00+00:00,24705.59,24640.96,24834.85,2.0,SL_HIT,-1.0,2026-03-18 14:15:00+00:00
NAS100,2026-03-18,D_FIRST_PULLBACK,2026-03-18 15:30:00+00:00,2026-03-18 15:45:00+00:00,24670.96,24637.34,24738.2,2.0,SL_HIT,-1.0,2026-03-18 16:30:00+00:00
NAS100,2026-03-18,D_FIRST_PULLBACK,2026-03-18 22:45:00+00:00,2026-03-18 23:00:00+00:00,24373.23,24342.23,24435.23,2.0,EOD,0.0,2026-03-18 23:45:00+00:00
NAS100,2026-03-19,D_FIRST_PULLBACK,2026-03-19 02:15:00+00:00,2026-03-19 02:30:00+00:00,24474.85,24380.23,24664.09,2.0,SL_HIT,-1.0,2026-03-19 05:30:00+00:00
NAS100,2026-03-19,D_FIRST_PULLBACK,2026-03-19 07:15:00+00:00,2026-03-19 07:30:00+00:00,24370.28,24340.4,24430.04,2.0,SL_HIT,-1.0,2026-03-19 07:45:00+00:00
NAS100,2026-03-19,D_FIRST_PULLBACK,2026-03-19 08:00:00+00:00,2026-03-19 08:15:00+00:00,24360.28,24321.03,24438.78,2.0,SL_HIT,-1.0,2026-03-19 08:30:00+00:00
NAS100,2026-03-19,D_FIRST_PULLBACK,2026-03-19 08:45:00+00:00,2026-03-19 09:00:00+00:00,24325.4,24285.4,24405.4,2.0,SL_HIT,-1.0,2026-03-19 09:15:00+00:00
NAS100,2026-03-19,D_FIRST_PULLBACK,2026-03-19 13:15:00+00:00,2026-03-19 13:30:00+00:00,24207.15,24184.9,24251.65,2.0,SL_HIT,-1.0,2026-03-19 13:45:00+00:00
NAS100,2026-03-19,D_FIRST_PULLBACK,2026-03-19 14:30:00+00:00,2026-03-19 14:45:00+00:00,24247.53,24187.28,24368.03,2.0,SL_HIT,-1.0,2026-03-19 15:30:00+00:00
NAS100,2026-03-19,D_FIRST_PULLBACK,2026-03-19 15:45:00+00:00,2026-03-19 16:00:00+00:00,24252.78,24178.53,24401.28,2.0,SL_HIT,-1.0,2026-03-19 17:00:00+00:00
NAS100,2026-03-19,D_FIRST_PULLBACK,2026-03-19 18:45:00+00:00,2026-03-19 19:00:00+00:00,24288.28,24197.65,24469.54,2.0,EOD,0.0,2026-03-19 23:45:00+00:00
NAS100,2026-03-20,D_FIRST_PULLBACK,2026-03-20 05:15:00+00:00,2026-03-20 05:30:00+00:00,24376.3,24340.55,24447.8,2.0,SL_HIT,-1.0,2026-03-20 06:15:00+00:00
NAS100,2026-03-20,D_FIRST_PULLBACK,2026-03-20 07:15:00+00:00,2026-03-20 07:30:00+00:00,24334.6,24263.72,24476.36,2.0,SL_HIT,-1.0,2026-03-20 09:30:00+00:00
NAS100,2026-03-20,D_FIRST_PULLBACK,2026-03-20 12:00:00+00:00,2026-03-20 12:15:00+00:00,24256.1,24191.85,24384.6,2.0,SL_HIT,-1.0,2026-03-20 13:30:00+00:00
NAS100,2026-03-20,D_FIRST_PULLBACK,2026-03-20 14:30:00+00:00,2026-03-20 14:45:00+00:00,24066.22,24033.85,24130.96,2.0,SL_HIT,-1.0,2026-03-20 15:00:00+00:00
NAS100,2026-03-20,D_FIRST_PULLBACK,2026-03-20 19:45:00+00:00,2026-03-20 20:00:00+00:00,23894.17,23753.22,24176.07,2.0,EOD,0.0,2026-03-20 20:45:00+00:00
NAS100,2026-03-23,D_FIRST_PULLBACK,2026-03-23 01:00:00+00:00,2026-03-23 01:15:00+00:00,23781.73,23725.23,23894.73,2.0,SL_HIT,-1.0,2026-03-23 05:45:00+00:00
NAS100,2026-03-23,D_FIRST_PULLBACK,2026-03-23 07:00:00+00:00,2026-03-23 07:15:00+00:00,23682.28,23615.41,23816.02,2.0,SL_HIT,-1.0,2026-03-23 07:30:00+00:00
NAS100,2026-03-23,D_FIRST_PULLBACK,2026-03-23 10:45:00+00:00,2026-03-23 11:00:00+00:00,23669.41,23604.16,23799.91,2.0,TP_HIT,2.0,2026-03-23 11:15:00+00:00
NAS100,2026-03-23,D_FIRST_PULLBACK,2026-03-23 12:15:00+00:00,2026-03-23 12:30:00+00:00,24297.21,24135.03,24621.57,2.0,SL_HIT,-1.0,2026-03-23 16:15:00+00:00
NAS100,2026-03-23,D_FIRST_PULLBACK,2026-03-23 17:30:00+00:00,2026-03-23 17:45:00+00:00,24203.78,24100.66,24410.02,2.0,EOD,0.0,2026-03-23 23:45:00+00:00
NAS100,2026-03-24,D_FIRST_PULLBACK,2026-03-24 02:15:00+00:00,2026-03-24 02:30:00+00:00,24066.52,24014.39,24170.78,2.0,SL_HIT,-1.0,2026-03-24 05:00:00+00:00
NAS100,2026-03-24,D_FIRST_PULLBACK,2026-03-24 09:30:00+00:00,2026-03-24 09:45:00+00:00,24181.44,24096.07,24352.18,2.0,SL_HIT,-1.0,2026-03-24 11:45:00+00:00
NAS100,2026-03-24,D_FIRST_PULLBACK,2026-03-24 14:00:00+00:00,2026-03-24 14:15:00+00:00,24014.19,23926.57,24189.43,2.0,TP_HIT,2.0,2026-03-24 20:15:00+00:00
NAS100,2026-03-24,D_FIRST_PULLBACK,2026-03-24 23:15:00+00:00,2026-03-24 23:30:00+00:00,24223.37,24195.99,24278.13,2.0,EOD,0.0,2026-03-24 23:45:00+00:00
NAS100,2026-03-25,D_FIRST_PULLBACK,2026-03-25 03:30:00+00:00,2026-03-25 03:45:00+00:00,24151.87,24114.37,24226.87,2.0,TP_HIT,2.0,2026-03-25 08:00:00+00:00
NAS100,2026-03-25,D_FIRST_PULLBACK,2026-03-25 10:00:00+00:00,2026-03-25 10:15:00+00:00,24256.04,24206.17,24355.78,2.0,SL_HIT,-1.0,2026-03-25 12:15:00+00:00
NAS100,2026-03-25,D_FIRST_PULLBACK,2026-03-25 12:45:00+00:00,2026-03-25 13:00:00+00:00,24241.92,24167.17,24391.42,2.0,SL_HIT,-1.0,2026-03-25 13:45:00+00:00
NAS100,2026-03-25,D_FIRST_PULLBACK,2026-03-25 14:15:00+00:00,2026-03-25 14:30:00+00:00,24272.79,24122.79,24572.79,2.0,SL_HIT,-1.0,2026-03-25 15:15:00+00:00
NAS100,2026-03-25,D_FIRST_PULLBACK,2026-03-25 16:15:00+00:00,2026-03-25 16:30:00+00:00,24206.79,24125.17,24370.03,2.0,SL_HIT,-1.0,2026-03-25 18:45:00+00:00
NAS100,2026-03-25,D_FIRST_PULLBACK,2026-03-25 19:15:00+00:00,2026-03-25 19:30:00+00:00,24147.29,24105.42,24231.03,2.0,SL_HIT,-1.0,2026-03-25 23:15:00+00:00
NAS100,2026-03-26,D_FIRST_PULLBACK,2026-03-26 06:15:00+00:00,2026-03-26 06:30:00+00:00,24077.82,24029.07,24175.32,2.0,SL_HIT,-1.0,2026-03-26 07:15:00+00:00
NAS100,2026-03-26,D_FIRST_PULLBACK,2026-03-26 09:45:00+00:00,2026-03-26 10:00:00+00:00,23951.57,23906.44,24041.83,2.0,SL_HIT,-1.0,2026-03-26 11:45:00+00:00
NAS100,2026-03-26,D_FIRST_PULLBACK,2026-03-26 12:00:00+00:00,2026-03-26 12:15:00+00:00,23933.44,23878.57,24043.18,2.0,SL_HIT,-1.0,2026-03-26 12:30:00+00:00
NAS100,2026-03-26,D_FIRST_PULLBACK,2026-03-26 13:45:00+00:00,2026-03-26 14:00:00+00:00,24014.07,23864.07,24314.07,2.0,SL_HIT,-1.0,2026-03-26 14:45:00+00:00
NAS100,2026-03-26,D_FIRST_PULLBACK,2026-03-26 15:45:00+00:00,2026-03-26 16:00:00+00:00,23889.32,23847.82,23972.32,2.0,SL_HIT,-1.0,2026-03-26 16:15:00+00:00
NAS100,2026-03-26,D_FIRST_PULLBACK,2026-03-26 20:00:00+00:00,2026-03-26 20:15:00+00:00,23697.14,23560.02,23971.38,2.0,EOD,0.0,2026-03-26 23:45:00+00:00
NAS100,2026-03-27,D_FIRST_PULLBACK,2026-03-27 01:00:00+00:00,2026-03-27 01:15:00+00:00,23646.12,23605.5,23727.36,2.0,TP_HIT,2.0,2026-03-27 05:00:00+00:00
NAS100,2026-03-27,D_FIRST_PULLBACK,2026-03-27 06:15:00+00:00,2026-03-27 06:30:00+00:00,23744.67,23709.87,23814.27,2.0,SL_HIT,-1.0,2026-03-27 06:45:00+00:00
NAS100,2026-03-27,D_FIRST_PULLBACK,2026-03-27 09:15:00+00:00,2026-03-27 09:30:00+00:00,23588.8,23508.8,23748.8,2.0,SL_HIT,-1.0,2026-03-27 10:30:00+00:00
NAS100,2026-03-27,D_FIRST_PULLBACK,2026-03-27 13:15:00+00:00,2026-03-27 13:30:00+00:00,23453.8,23375.3,23610.8,2.0,SL_HIT,-1.0,2026-03-27 13:45:00+00:00
NAS100,2026-03-27,D_FIRST_PULLBACK,2026-03-27 14:45:00+00:00,2026-03-27 15:00:00+00:00,23310.55,23240.55,23450.55,2.0,SL_HIT,-1.0,2026-03-27 17:15:00+00:00
NAS100,2026-03-27,D_FIRST_PULLBACK,2026-03-27 18:15:00+00:00,2026-03-27 18:30:00+00:00,23161.42,23126.8,23230.66,2.0,SL_HIT,-1.0,2026-03-27 19:00:00+00:00
NAS100,2026-03-30,D_FIRST_PULLBACK,2026-03-30 01:00:00+00:00,2026-03-30 01:15:00+00:00,22969.03,22935.9,23035.29,2.0,TP_HIT,2.0,2026-03-30 02:00:00+00:00
NAS100,2026-03-30,D_FIRST_PULLBACK,2026-03-30 02:30:00+00:00,2026-03-30 02:45:00+00:00,23045.53,23002.78,23131.03,2.0,TP_HIT,2.0,2026-03-30 04:15:00+00:00
NAS100,2026-03-30,D_FIRST_PULLBACK,2026-03-30 05:00:00+00:00,2026-03-30 05:15:00+00:00,23144.28,23121.78,23189.28,2.0,TP_HIT,2.0,2026-03-30 06:15:00+00:00
NAS100,2026-03-30,D_FIRST_PULLBACK,2026-03-30 07:45:00+00:00,2026-03-30 08:00:00+00:00,23204.33,23167.33,23278.33,2.0,TP_HIT,2.0,2026-03-30 11:15:00+00:00
NAS100,2026-03-30,D_FIRST_PULLBACK,2026-03-30 12:15:00+00:00,2026-03-30 12:30:00+00:00,23308.08,23245.08,23434.08,2.0,SL_HIT,-1.0,2026-03-30 13:30:00+00:00
NAS100,2026-03-30,D_FIRST_PULLBACK,2026-03-30 14:45:00+00:00,2026-03-30 15:00:00+00:00,23185.45,23070.2,23415.95,2.0,SL_HIT,-1.0,2026-03-30 17:00:00+00:00
NAS100,2026-03-30,D_FIRST_PULLBACK,2026-03-30 19:30:00+00:00,2026-03-30 19:45:00+00:00,22887.08,22832.08,22997.08,2.0,EOD,0.0,2026-03-30 23:45:00+00:00
NAS100,2026-03-31,D_FIRST_PULLBACK,2026-03-31 02:15:00+00:00,2026-03-31 02:30:00+00:00,23157.47,23132.22,23207.97,2.0,TP_HIT,2.0,2026-03-31 02:45:00+00:00
NAS100,2026-03-31,D_FIRST_PULLBACK,2026-03-31 05:15:00+00:00,2026-03-31 05:30:00+00:00,23097.72,23043.72,23205.72,2.0,TP_HIT,2.0,2026-03-31 11:00:00+00:00
NAS100,2026-03-31,D_FIRST_PULLBACK,2026-03-31 12:30:00+00:00,2026-03-31 12:45:00+00:00,23230.27,23121.27,23448.27,2.0,TP_HIT,2.0,2026-03-31 16:30:00+00:00
NAS100,2026-03-31,D_FIRST_PULLBACK,2026-03-31 18:00:00+00:00,2026-03-31 18:15:00+00:00,23627.02,23557.02,23767.02,2.0,TP_HIT,2.0,2026-03-31 19:45:00+00:00
NAS100,2026-03-31,D_FIRST_PULLBACK,2026-03-31 20:15:00+00:00,2026-03-31 20:30:00+00:00,23751.72,23679.59,23895.98,2.0,EOD,0.0,2026-03-31 23:45:00+00:00
NAS100,2026-04-01,D_FIRST_PULLBACK,2026-04-01 00:45:00+00:00,2026-04-01 01:00:00+00:00,23846.66,23803.16,23933.66,2.0,SL_HIT,-1.0,2026-04-01 01:15:00+00:00
NAS100,2026-04-01,D_FIRST_PULLBACK,2026-04-01 04:30:00+00:00,2026-04-01 04:45:00+00:00,23818.54,23789.54,23876.54,2.0,TP_HIT,2.0,2026-04-01 05:15:00+00:00
NAS100,2026-04-01,D_FIRST_PULLBACK,2026-04-01 07:30:00+00:00,2026-04-01 07:45:00+00:00,23977.59,23942.21,24048.35,2.0,SL_HIT,-1.0,2026-04-01 08:00:00+00:00
NAS100,2026-04-01,D_FIRST_PULLBACK,2026-04-01 08:15:00+00:00,2026-04-01 08:30:00+00:00,23891.34,23844.71,23984.6,2.0,SL_HIT,-1.0,2026-04-01 08:45:00+00:00
NAS100,2026-04-01,D_FIRST_PULLBACK,2026-04-01 09:30:00+00:00,2026-04-01 09:45:00+00:00,23860.84,23814.71,23953.1,2.0,TP_HIT,2.0,2026-04-01 11:00:00+00:00
NAS100,2026-04-01,D_FIRST_PULLBACK,2026-04-01 13:15:00+00:00,2026-04-01 13:30:00+00:00,23899.84,23847.84,24003.84,2.0,TP_HIT,2.0,2026-04-01 14:15:00+00:00
NAS100,2026-04-01,D_FIRST_PULLBACK,2026-04-01 14:45:00+00:00,2026-04-01 15:00:00+00:00,24070.84,23942.46,24327.6,2.0,SL_HIT,-1.0,2026-04-01 18:30:00+00:00
NAS100,2026-04-01,D_FIRST_PULLBACK,2026-04-01 22:30:00+00:00,2026-04-01 22:45:00+00:00,24007.78,23981.53,24060.28,2.0,SL_HIT,-1.0,2026-04-01 23:00:00+00:00
NAS100,2026-04-02,D_FIRST_PULLBACK,2026-04-02 00:45:00+00:00,2026-04-02 01:00:00+00:00,24047.28,23966.03,24209.78,2.0,SL_HIT,-1.0,2026-04-02 01:15:00+00:00
NAS100,2026-04-02,D_FIRST_PULLBACK,2026-04-02 02:45:00+00:00,2026-04-02 03:00:00+00:00,23696.53,23668.16,23753.27,2.0,SL_HIT,-1.0,2026-04-02 03:30:00+00:00
NAS100,2026-04-02,D_FIRST_PULLBACK,2026-04-02 06:15:00+00:00,2026-04-02 06:30:00+00:00,23601.46,23563.83,23676.72,2.0,TP_HIT,2.0,2026-04-02 07:45:00+00:00
NAS100,2026-04-02,D_FIRST_PULLBACK,2026-04-02 08:30:00+00:00,2026-04-02 08:45:00+00:00,23658.08,23634.08,23706.08,2.0,SL_HIT,-1.0,2026-04-02 09:30:00+00:00
NAS100,2026-04-02,D_FIRST_PULLBACK,2026-04-02 10:30:00+00:00,2026-04-02 10:45:00+00:00,23617.71,23587.08,23678.97,2.0,SL_HIT,-1.0,2026-04-02 11:00:00+00:00
NAS100,2026-04-02,D_FIRST_PULLBACK,2026-04-02 12:15:00+00:00,2026-04-02 12:30:00+00:00,23538.33,23478.33,23658.33,2.0,TP_HIT,2.0,2026-04-02 13:45:00+00:00
NAS100,2026-04-02,D_FIRST_PULLBACK,2026-04-02 16:30:00+00:00,2026-04-02 16:45:00+00:00,23956.33,23869.58,24129.83,2.0,EOD,0.0,2026-04-02 23:45:00+00:00
NAS100,2026-04-03,D_FIRST_PULLBACK,2026-04-03 02:45:00+00:00,2026-04-03 03:00:00+00:00,23995.08,23965.7,24053.84,2.0,SL_HIT,-1.0,2026-04-03 06:30:00+00:00
NAS100,2026-04-03,D_FIRST_PULLBACK,2026-04-03 11:15:00+00:00,2026-04-03 11:30:00+00:00,23966.13,23927.88,24042.63,2.0,TP_HIT,2.0,2026-04-03 12:30:00+00:00
NAS100,2026-04-06,B_FLAT_TOP,2026-04-06 02:00:00+00:00,2026-04-06 02:00:00+00:00,24084.09,24007.34,24237.59,2.0,SL_HIT,-1.0,2026-04-06 03:15:00+00:00
NAS100,2026-04-06,D_FIRST_PULLBACK,2026-04-06 06:00:00+00:00,2026-04-06 06:15:00+00:00,24097.14,24035.84,24219.74,2.0,SL_HIT,-1.0,2026-04-06 07:00:00+00:00
NAS100,2026-04-06,D_FIRST_PULLBACK,2026-04-06 12:30:00+00:00,2026-04-06 12:45:00+00:00,24139.39,24111.27,24195.63,2.0,SL_HIT,-1.0,2026-04-06 13:00:00+00:00
NAS100,2026-04-06,D_FIRST_PULLBACK,2026-04-06 13:30:00+00:00,2026-04-06 13:45:00+00:00,24151.52,24069.89,24314.78,2.0,SL_HIT,-1.0,2026-04-06 17:00:00+00:00
NAS100,2026-04-06,D_FIRST_PULLBACK,2026-04-06 17:15:00+00:00,2026-04-06 17:30:00+00:00,24129.02,24026.89,24333.28,2.0,EOD,0.0,2026-04-06 23:45:00+00:00
NAS100,2026-04-07,D_FIRST_PULLBACK,2026-04-07 02:15:00+00:00,2026-04-07 02:30:00+00:00,24019.27,23978.89,24100.03,2.0,TP_HIT,2.0,2026-04-07 08:00:00+00:00
NAS100,2026-04-07,D_FIRST_PULLBACK,2026-04-07 12:15:00+00:00,2026-04-07 12:30:00+00:00,24068.07,23959.82,24284.57,2.0,SL_HIT,-1.0,2026-04-07 13:45:00+00:00
NAS100,2026-04-07,D_FIRST_PULLBACK,2026-04-07 14:15:00+00:00,2026-04-07 14:30:00+00:00,23933.94,23820.69,24160.44,2.0,SL_HIT,-1.0,2026-04-07 15:00:00+00:00
NAS100,2026-04-07,D_FIRST_PULLBACK,2026-04-07 15:15:00+00:00,2026-04-07 15:30:00+00:00,23892.32,23767.57,24141.82,2.0,TP_HIT,2.0,2026-04-07 19:45:00+00:00
NAS100,2026-04-07,D_FIRST_PULLBACK,2026-04-07 22:45:00+00:00,2026-04-07 23:00:00+00:00,24742.8,24197.55,25833.3,2.0,EOD,0.0,2026-04-07 23:45:00+00:00
NAS100,2026-04-08,D_FIRST_PULLBACK,2026-04-08 00:45:00+00:00,2026-04-08 01:00:00+00:00,24909.55,24837.18,25054.29,2.0,TP_HIT,2.0,2026-04-08 09:00:00+00:00
NAS100,2026-04-08,D_FIRST_PULLBACK,2026-04-08 10:30:00+00:00,2026-04-08 10:45:00+00:00,25051.98,25014.48,25126.98,2.0,SL_HIT,-1.0,2026-04-08 11:00:00+00:00
NAS100,2026-04-08,D_FIRST_PULLBACK,2026-04-08 11:15:00+00:00,2026-04-08 11:30:00+00:00,25055.35,25009.48,25147.09,2.0,SL_HIT,-1.0,2026-04-08 12:15:00+00:00
NAS100,2026-04-08,D_FIRST_PULLBACK,2026-04-08 15:00:00+00:00,2026-04-08 15:15:00+00:00,24851.35,24759.98,25034.09,2.0,EOD,0.0,2026-04-08 23:45:00+00:00
NAS100,2026-04-09,D_FIRST_PULLBACK,2026-04-09 01:30:00+00:00,2026-04-09 01:45:00+00:00,24836.28,24812.28,24884.28,2.0,TP_HIT,2.0,2026-04-09 06:00:00+00:00
NAS100,2026-04-09,D_FIRST_PULLBACK,2026-04-09 08:30:00+00:00,2026-04-09 08:45:00+00:00,24830.21,24784.21,24922.21,2.0,TP_HIT,2.0,2026-04-09 13:30:00+00:00
NAS100,2026-04-09,D_FIRST_PULLBACK,2026-04-09 14:45:00+00:00,2026-04-09 15:00:00+00:00,24872.83,24792.08,25034.33,2.0,TP_HIT,2.0,2026-04-09 16:00:00+00:00
NAS100,2026-04-09,D_FIRST_PULLBACK,2026-04-09 17:00:00+00:00,2026-04-09 17:15:00+00:00,25058.96,24993.08,25190.72,2.0,SL_HIT,-1.0,2026-04-09 18:00:00+00:00
NAS100,2026-04-09,D_FIRST_PULLBACK,2026-04-09 22:00:00+00:00,2026-04-09 22:15:00+00:00,25086.02,25060.02,25138.02,2.0,SL_HIT,-1.0,2026-04-09 22:30:00+00:00
NAS100,2026-04-10,D_FIRST_PULLBACK,2026-04-10 01:30:00+00:00,2026-04-10 01:45:00+00:00,25126.39,25089.77,25199.63,2.0,SL_HIT,-1.0,2026-04-10 02:15:00+00:00
NAS100,2026-04-10,D_FIRST_PULLBACK,2026-04-10 08:30:00+00:00,2026-04-10 08:45:00+00:00,25066.57,25037.82,25124.07,2.0,TP_HIT,2.0,2026-04-10 11:00:00+00:00
NAS100,2026-04-10,D_FIRST_PULLBACK,2026-04-10 13:30:00+00:00,2026-04-10 13:45:00+00:00,25158.07,25126.32,25221.57,2.0,SL_HIT,-1.0,2026-04-10 14:00:00+00:00
NAS100,2026-04-10,D_FIRST_PULLBACK,2026-04-10 14:15:00+00:00,2026-04-10 14:30:00+00:00,25175.19,25103.07,25319.43,2.0,SL_HIT,-1.0,2026-04-10 15:45:00+00:00
NAS100,2026-04-10,D_FIRST_PULLBACK,2026-04-10 17:30:00+00:00,2026-04-10 17:45:00+00:00,25087.57,25057.44,25147.83,2.0,TP_HIT,2.0,2026-04-10 20:30:00+00:00
NAS100,2026-04-13,D_FIRST_PULLBACK,2026-04-13 00:45:00+00:00,2026-04-13 01:00:00+00:00,24898.68,24831.18,25033.68,2.0,TP_HIT,2.0,2026-04-13 11:00:00+00:00
NAS100,2026-04-13,D_FIRST_PULLBACK,2026-04-13 12:15:00+00:00,2026-04-13 12:30:00+00:00,24968.23,24916.73,25071.23,2.0,TP_HIT,2.0,2026-04-13 13:30:00+00:00
NAS100,2026-04-13,D_FIRST_PULLBACK,2026-04-13 14:30:00+00:00,2026-04-13 14:45:00+00:00,25159.98,25091.11,25297.72,2.0,TP_HIT,2.0,2026-04-13 19:15:00+00:00
NAS100,2026-04-14,D_FIRST_PULLBACK,2026-04-14 06:30:00+00:00,2026-04-14 06:45:00+00:00,25432.36,25410.36,25476.36,2.0,TP_HIT,2.0,2026-04-14 07:00:00+00:00
NAS100,2026-04-14,D_FIRST_PULLBACK,2026-04-14 08:00:00+00:00,2026-04-14 08:15:00+00:00,25478.86,25452.74,25531.1,2.0,TP_HIT,2.0,2026-04-14 11:45:00+00:00
NAS100,2026-04-14,D_FIRST_PULLBACK,2026-04-14 13:30:00+00:00,2026-04-14 13:45:00+00:00,25593.86,25497.74,25786.1,2.0,TP_HIT,2.0,2026-04-14 17:15:00+00:00
NAS100,2026-04-14,D_FIRST_PULLBACK,2026-04-14 19:00:00+00:00,2026-04-14 19:15:00+00:00,25805.36,25748.11,25919.86,2.0,EOD,0.0,2026-04-14 23:45:00+00:00
NAS100,2026-04-15,D_FIRST_PULLBACK,2026-04-15 06:30:00+00:00,2026-04-15 06:45:00+00:00,25845.62,25816.87,25903.12,2.0,SL_HIT,-1.0,2026-04-15 10:15:00+00:00
NAS100,2026-04-15,D_FIRST_PULLBACK,2026-04-15 10:45:00+00:00,2026-04-15 11:00:00+00:00,25833.62,25784.49,25931.88,2.0,TP_HIT,2.0,2026-04-15 14:00:00+00:00
NAS100,2026-04-15,D_FIRST_PULLBACK,2026-04-15 17:00:00+00:00,2026-04-15 17:15:00+00:00,26019.62,25952.24,26154.38,2.0,TP_HIT,2.0,2026-04-15 18:45:00+00:00
NAS100,2026-04-15,D_FIRST_PULLBACK,2026-04-15 22:00:00+00:00,2026-04-15 22:15:00+00:00,26218.46,26191.94,26271.5,2.0,EOD,0.0,2026-04-15 23:45:00+00:00
NAS100,2026-04-16,D_FIRST_PULLBACK,2026-04-16 05:15:00+00:00,2026-04-16 05:30:00+00:00,26294.21,26268.33,26345.97,2.0,SL_HIT,-1.0,2026-04-16 08:30:00+00:00
NAS100,2026-04-16,D_FIRST_PULLBACK,2026-04-16 08:45:00+00:00,2026-04-16 09:00:00+00:00,26291.88,26263.63,26348.38,2.0,SL_HIT,-1.0,2026-04-16 10:30:00+00:00
NAS100,2026-04-16,D_FIRST_PULLBACK,2026-04-16 11:00:00+00:00,2026-04-16 11:15:00+00:00,26262.63,26216.38,26355.13,2.0,SL_HIT,-1.0,2026-04-16 13:30:00+00:00
NAS100,2026-04-16,D_FIRST_PULLBACK,2026-04-16 17:15:00+00:00,2026-04-16 17:30:00+00:00,26327.76,26283.76,26415.76,2.0,SL_HIT,-1.0,2026-04-16 18:00:00+00:00
NAS100,2026-04-16,D_FIRST_PULLBACK,2026-04-16 18:30:00+00:00,2026-04-16 18:45:00+00:00,26287.76,26207.38,26448.52,2.0,EOD,0.0,2026-04-16 23:45:00+00:00
NAS100,2026-04-17,D_FIRST_PULLBACK,2026-04-17 05:45:00+00:00,2026-04-17 06:00:00+00:00,26320.81,26297.81,26366.81,2.0,TP_HIT,2.0,2026-04-17 08:30:00+00:00
NAS100,2026-04-17,D_FIRST_PULLBACK,2026-04-17 13:00:00+00:00,2026-04-17 13:15:00+00:00,26659.36,26457.36,27063.36,2.0,EOD,0.0,2026-04-17 20:45:00+00:00
NAS100,2026-04-20,D_FIRST_PULLBACK,2026-04-20 04:45:00+00:00,2026-04-20 05:00:00+00:00,26538.65,26517.9,26580.15,2.0,SL_HIT,-1.0,2026-04-20 05:15:00+00:00
NAS100,2026-04-20,D_FIRST_PULLBACK,2026-04-20 07:00:00+00:00,2026-04-20 07:15:00+00:00,26566.82,26511.45,26677.56,2.0,SL_HIT,-1.0,2026-04-20 08:00:00+00:00
NAS100,2026-04-20,D_FIRST_PULLBACK,2026-04-20 08:15:00+00:00,2026-04-20 08:30:00+00:00,26536.57,26482.82,26644.07,2.0,TP_HIT,2.0,2026-04-20 13:00:00+00:00
NAS100,2026-04-20,D_FIRST_PULLBACK,2026-04-20 15:15:00+00:00,2026-04-20 15:30:00+00:00,26563.45,26432.95,26824.45,2.0,EOD,0.0,2026-04-20 23:45:00+00:00
NAS100,2026-04-21,D_FIRST_PULLBACK,2026-04-21 00:45:00+00:00,2026-04-21 01:00:00+00:00,26690.81,26652.06,26768.31,2.0,SL_HIT,-1.0,2026-04-21 13:30:00+00:00
NAS100,2026-04-21,D_FIRST_PULLBACK,2026-04-21 13:45:00+00:00,2026-04-21 14:00:00+00:00,26705.11,26593.98,26927.37,2.0,SL_HIT,-1.0,2026-04-21 15:00:00+00:00
NAS100,2026-04-21,D_FIRST_PULLBACK,2026-04-21 17:30:00+00:00,2026-04-21 17:45:00+00:00,26592.36,26467.48,26842.12,2.0,SL_HIT,-1.0,2026-04-21 19:30:00+00:00
NAS100,2026-04-21,D_FIRST_PULLBACK,2026-04-21 22:00:00+00:00,2026-04-21 22:15:00+00:00,26625.6,26572.81,26731.18,2.0,EOD,0.0,2026-04-21 23:45:00+00:00
NAS100,2026-04-22,D_FIRST_PULLBACK,2026-04-22 01:30:00+00:00,2026-04-22 01:45:00+00:00,26686.48,26662.48,26734.48,2.0,SL_HIT,-1.0,2026-04-22 04:30:00+00:00
NAS100,2026-04-22,D_FIRST_PULLBACK,2026-04-22 05:15:00+00:00,2026-04-22 05:30:00+00:00,26695.98,26640.23,26807.48,2.0,TP_HIT,2.0,2026-04-22 14:15:00+00:00
NAS100,2026-04-22,D_FIRST_PULLBACK,2026-04-22 15:15:00+00:00,2026-04-22 15:30:00+00:00,26859.65,26810.28,26958.39,2.0,TP_HIT,2.0,2026-04-22 19:45:00+00:00
NAS100,2026-04-23,D_FIRST_PULLBACK,2026-04-23 03:45:00+00:00,2026-04-23 04:00:00+00:00,26779.88,26737.63,26864.38,2.0,TP_HIT,2.0,2026-04-23 06:15:00+00:00
NAS100,2026-04-23,D_FIRST_PULLBACK,2026-04-23 07:30:00+00:00,2026-04-23 07:45:00+00:00,26869.3,26842.68,26922.54,2.0,SL_HIT,-1.0,2026-04-23 08:00:00+00:00
NAS100,2026-04-23,D_FIRST_PULLBACK,2026-04-23 09:15:00+00:00,2026-04-23 09:30:00+00:00,26814.05,26762.68,26916.79,2.0,TP_HIT,2.0,2026-04-23 11:45:00+00:00
NAS100,2026-04-23,D_FIRST_PULLBACK,2026-04-23 14:15:00+00:00,2026-04-23 14:30:00+00:00,26887.55,26842.93,26976.79,2.0,TP_HIT,2.0,2026-04-23 14:45:00+00:00
NAS100,2026-04-23,D_FIRST_PULLBACK,2026-04-23 16:15:00+00:00,2026-04-23 16:30:00+00:00,26960.8,26911.05,27060.3,2.0,SL_HIT,-1.0,2026-04-23 17:00:00+00:00
NAS100,2026-04-23,D_FIRST_PULLBACK,2026-04-23 18:00:00+00:00,2026-04-23 18:15:00+00:00,26789.93,26554.18,27261.43,2.0,EOD,0.0,2026-04-23 23:45:00+00:00
NAS100,2026-04-24,D_FIRST_PULLBACK,2026-04-24 05:15:00+00:00,2026-04-24 05:30:00+00:00,26934.02,26906.52,26989.02,2.0,TP_HIT,2.0,2026-04-24 07:15:00+00:00
NAS100,2026-04-24,D_FIRST_PULLBACK,2026-04-24 07:45:00+00:00,2026-04-24 08:00:00+00:00,26983.94,26955.32,27041.18,2.0,SL_HIT,-1.0,2026-04-24 09:15:00+00:00
NAS100,2026-04-24,D_FIRST_PULLBACK,2026-04-24 09:30:00+00:00,2026-04-24 09:45:00+00:00,26987.69,26939.19,27084.69,2.0,TP_HIT,2.0,2026-04-24 11:00:00+00:00
NAS100,2026-04-24,D_FIRST_PULLBACK,2026-04-24 12:00:00+00:00,2026-04-24 12:15:00+00:00,27175.57,27141.19,27244.33,2.0,SL_HIT,-1.0,2026-04-24 12:30:00+00:00
NAS100,2026-04-24,D_FIRST_PULLBACK,2026-04-24 13:00:00+00:00,2026-04-24 13:15:00+00:00,27120.07,27077.94,27204.33,2.0,SL_HIT,-1.0,2026-04-24 13:30:00+00:00
NAS100,2026-04-24,D_FIRST_PULLBACK,2026-04-24 14:00:00+00:00,2026-04-24 14:15:00+00:00,27109.32,27005.44,27317.08,2.0,TP_HIT,2.0,2026-04-24 17:45:00+00:00
NAS100,2026-04-24,D_FIRST_PULLBACK,2026-04-24 18:30:00+00:00,2026-04-24 18:45:00+00:00,27281.69,27258.94,27327.19,2.0,TP_HIT,2.0,2026-04-24 19:15:00+00:00
NAS100,2026-04-24,D_FIRST_PULLBACK,2026-04-24 19:45:00+00:00,2026-04-24 20:00:00+00:00,27310.39,27278.94,27373.29,2.0,EOD,0.0,2026-04-24 20:45:00+00:00
NAS100,2026-04-27,B_FLAT_TOP,2026-04-27 01:00:00+00:00,2026-04-27 01:00:00+00:00,27354.45,27158.97275,27745.4045,2.0,EOD,0.0,2026-04-27 23:45:00+00:00
NAS100,2026-04-28,D_FIRST_PULLBACK,2026-04-28 04:15:00+00:00,2026-04-28 04:30:00+00:00,27313.11,27290.61,27358.11,2.0,SL_HIT,-1.0,2026-04-28 05:00:00+00:00
NAS100,2026-04-28,D_FIRST_PULLBACK,2026-04-28 08:15:00+00:00,2026-04-28 08:30:00+00:00,27243.41,27188.41,27353.41,2.0,SL_HIT,-1.0,2026-04-28 09:30:00+00:00
NAS100,2026-04-28,D_FIRST_PULLBACK,2026-04-28 12:45:00+00:00,2026-04-28 13:00:00+00:00,27034.28,26922.16,27258.52,2.0,SL_HIT,-1.0,2026-04-28 14:45:00+00:00
NAS100,2026-04-28,D_FIRST_PULLBACK,2026-04-28 15:00:00+00:00,2026-04-28 15:15:00+00:00,26981.66,26898.66,27147.66,2.0,SL_HIT,-1.0,2026-04-28 15:45:00+00:00
NAS100,2026-04-28,D_FIRST_PULLBACK,2026-04-28 16:00:00+00:00,2026-04-28 16:15:00+00:00,26955.78,26895.66,27076.02,2.0,TP_HIT,2.0,2026-04-28 18:45:00+00:00
NAS100,2026-04-28,D_FIRST_PULLBACK,2026-04-28 20:00:00+00:00,2026-04-28 20:15:00+00:00,27072.36,27033.23,27150.62,2.0,EOD,0.0,2026-04-28 23:45:00+00:00
NAS100,2026-04-29,D_FIRST_PULLBACK,2026-04-29 02:45:00+00:00,2026-04-29 03:00:00+00:00,27157.26,27136.63,27198.52,2.0,TP_HIT,2.0,2026-04-29 04:30:00+00:00
NAS100,2026-04-29,D_FIRST_PULLBACK,2026-04-29 05:30:00+00:00,2026-04-29 05:45:00+00:00,27191.13,27165.13,27243.13,2.0,SL_HIT,-1.0,2026-04-29 06:45:00+00:00
NAS100,2026-04-29,D_FIRST_PULLBACK,2026-04-29 10:15:00+00:00,2026-04-29 10:30:00+00:00,27170.31,27100.56,27309.81,2.0,SL_HIT,-1.0,2026-04-29 12:30:00+00:00
NAS100,2026-04-29,D_FIRST_PULLBACK,2026-04-29 13:45:00+00:00,2026-04-29 14:00:00+00:00,27109.81,27013.56,27302.31,2.0,SL_HIT,-1.0,2026-04-29 20:00:00+00:00
NAS100,2026-04-29,D_FIRST_PULLBACK,2026-04-29 22:00:00+00:00,2026-04-29 22:15:00+00:00,27326.18,27039.13,27900.28,2.0,EOD,0.0,2026-04-29 23:45:00+00:00
NAS100,2026-04-30,D_FIRST_PULLBACK,2026-04-30 03:30:00+00:00,2026-04-30 03:45:00+00:00,27318.05,27294.3,27365.55,2.0,SL_HIT,-1.0,2026-04-30 04:00:00+00:00
NAS100,2026-04-30,D_FIRST_PULLBACK,2026-04-30 05:00:00+00:00,2026-04-30 05:15:00+00:00,27196.93,27122.8,27345.19,2.0,SL_HIT,-1.0,2026-04-30 05:45:00+00:00
NAS100,2026-04-30,D_FIRST_PULLBACK,2026-04-30 06:15:00+00:00,2026-04-30 06:30:00+00:00,27124.98,27077.23,27220.48,2.0,TP_HIT,2.0,2026-04-30 07:00:00+00:00
NAS100,2026-04-30,D_FIRST_PULLBACK,2026-04-30 08:00:00+00:00,2026-04-30 08:15:00+00:00,27247.85,27226.98,27289.59,2.0,SL_HIT,-1.0,2026-04-30 09:15:00+00:00
NAS100,2026-04-30,D_FIRST_PULLBACK,2026-04-30 11:00:00+00:00,2026-04-30 11:15:00+00:00,27305.98,27248.23,27421.48,2.0,TP_HIT,2.0,2026-04-30 12:15:00+00:00
NAS100,2026-04-30,D_FIRST_PULLBACK,2026-04-30 14:30:00+00:00,2026-04-30 14:45:00+00:00,27137.23,27054.98,27301.73,2.0,TP_HIT,2.0,2026-04-30 15:00:00+00:00
NAS100,2026-04-30,D_FIRST_PULLBACK,2026-04-30 16:00:00+00:00,2026-04-30 16:15:00+00:00,27322.35,27223.6,27519.85,2.0,TP_HIT,2.0,2026-04-30 22:00:00+00:00
NAS100,2026-05-01,D_FIRST_PULLBACK,2026-05-01 01:15:00+00:00,2026-05-01 01:30:00+00:00,27540.07,27506.95,27606.31,2.0,SL_HIT,-1.0,2026-05-01 05:45:00+00:00
NAS100,2026-05-01,D_FIRST_PULLBACK,2026-05-01 07:00:00+00:00,2026-05-01 07:15:00+00:00,27511.75,27485.37,27564.51,2.0,SL_HIT,-1.0,2026-05-01 07:30:00+00:00
NAS100,2026-05-01,D_FIRST_PULLBACK,2026-05-01 10:45:00+00:00,2026-05-01 11:00:00+00:00,27463.5,27430.25,27530.0,2.0,TP_HIT,2.0,2026-05-01 13:15:00+00:00
NAS100,2026-05-01,D_FIRST_PULLBACK,2026-05-01 15:15:00+00:00,2026-05-01 15:30:00+00:00,27756.5,27663.87,27941.76,2.0,SL_HIT,-1.0,2026-05-01 20:45:00+00:00
NAS100,2026-05-04,D_FIRST_PULLBACK,2026-05-04 01:45:00+00:00,2026-05-04 02:00:00+00:00,27821.82,27774.44,27916.58,2.0,SL_HIT,-1.0,2026-05-04 08:00:00+00:00
NAS100,2026-05-04,D_FIRST_PULLBACK,2026-05-04 09:00:00+00:00,2026-05-04 09:15:00+00:00,27814.12,27785.87,27870.62,2.0,SL_HIT,-1.0,2026-05-04 10:00:00+00:00
NAS100,2026-05-04,D_FIRST_PULLBACK,2026-05-04 10:30:00+00:00,2026-05-04 10:45:00+00:00,27728.24,27566.87,28050.98,2.0,SL_HIT,-1.0,2026-05-04 16:00:00+00:00
NAS100,2026-05-04,D_FIRST_PULLBACK,2026-05-04 16:15:00+00:00,2026-05-04 16:30:00+00:00,27616.12,27518.62,27811.12,2.0,EOD,0.0,2026-05-04 23:45:00+00:00
NAS100,2026-05-05,D_FIRST_PULLBACK,2026-05-05 02:15:00+00:00,2026-05-05 02:30:00+00:00,27734.95,27711.57,27781.71,2.0,SL_HIT,-1.0,2026-05-05 02:45:00+00:00
NAS100,2026-05-05,D_FIRST_PULLBACK,2026-05-05 06:30:00+00:00,2026-05-05 06:45:00+00:00,27769.12,27721.62,27864.12,2.0,TP_HIT,2.0,2026-05-05 12:00:00+00:00
NAS100,2026-05-05,D_FIRST_PULLBACK,2026-05-05 13:00:00+00:00,2026-05-05 13:15:00+00:00,27894.25,27874.0,27934.75,2.0,TP_HIT,2.0,2026-05-05 13:30:00+00:00
NAS100,2026-05-05,D_FIRST_PULLBACK,2026-05-05 13:45:00+00:00,2026-05-05 14:00:00+00:00,27979.87,27874.75,28190.11,2.0,TP_HIT,2.0,2026-05-05 22:30:00+00:00
NAS100,2026-05-06,D_FIRST_PULLBACK,2026-05-06 01:45:00+00:00,2026-05-06 02:00:00+00:00,28198.36,28177.36,28240.36,2.0,SL_HIT,-1.0,2026-05-06 02:30:00+00:00
NAS100,2026-05-06,D_FIRST_PULLBACK,2026-05-06 02:45:00+00:00,2026-05-06 03:00:00+00:00,28193.98,28168.86,28244.22,2.0,TP_HIT,2.0,2026-05-06 04:45:00+00:00
NAS100,2026-05-06,D_FIRST_PULLBACK,2026-05-06 07:30:00+00:00,2026-05-06 07:45:00+00:00,28244.41,28214.91,28303.41,2.0,TP_HIT,2.0,2026-05-06 08:45:00+00:00
NAS100,2026-05-06,D_FIRST_PULLBACK,2026-05-06 13:30:00+00:00,2026-05-06 13:45:00+00:00,28387.41,28243.78,28674.67,2.0,TP_HIT,2.0,2026-05-06 20:00:00+00:00
